,District_Key,edge_1,edge_2,edge_3,edge_4,edge_5,edge_6,edge_7,edge_8,edge_9,edge_10,edge_11,edge_12,edge_13,edge_14
0,AP_Anantapur,AP_Chittoor,KA_Chikkaballapura,AP_Kurnool,AP_Y.S.R. Kadapa,KA_Ballari,KA_Chitradurga,KA_Tumakuru,,,,,,,
1,AP_Chittoor,AP_Anantapur,AP_S.P.S. Nellore,AP_Y.S.R. Kadapa,KA_Chikkaballapura,KA_Kolar,TN_Krishnagiri,TN_Thiruvallur,TN_Vellore,,,,,,
2,AP_East Godavari,AP_Visakhapatnam,AP_West Godavari,CT_Sukma,OR_Malkangiri,TG_Bhadradri Kothagudem,,,,,,,,,
3,AP_Guntur,AP_Krishna,TG_Suryapet,TG_Nalgonda,AP_Prakasam,TG_Nagarkurnool,,,,,,,,,
4,AP_Krishna,AP_West Godavari,AP_Guntur,TG_Khammam,TG_Suryapet,,,,,,,,,,
5,AP_Kurnool,KA_Raichur,AP_Anantapur,TG_Jogulamba Gadwal,TG_Wanaparthy,AP_Prakasam,AP_Y.S.R. Kadapa,KA_Ballari,TG_Nagarkurnool,,,,,,
6,AP_Prakasam,AP_Kurnool,AP_Guntur,AP_Y.S.R. Kadapa,AP_S.P.S. Nellore,TG_Nagarkurnool,,,,,,,,,
7,AP_S.P.S. Nellore,AP_Chittoor,AP_Y.S.R. Kadapa,TN_Thiruvallur,AP_Prakasam,,,,,,,,,,
8,AP_Srikakulam,OR_Gajapati,OR_Rayagada,AP_Vizianagaram,OR_Ganjam,,,,,,,,,,
9,AP_Visakhapatnam,AP_East Godavari,OR_Malkangiri,AP_Vizianagaram,OR_Koraput,,,,,,,,,,
10,AP_Vizianagaram,OR_Rayagada,AP_Visakhapatnam,AP_Srikakulam,OR_Koraput,,,,,,,,,,
11,AP_West Godavari,AP_East Godavari,AP_Krishna,TG_Bhadradri Kothagudem,TG_Khammam,,,,,,,,,,
12,AP_Y.S.R. Kadapa,AP_Chittoor,AP_Anantapur,AP_Kurnool,AP_Prakasam,AP_S.P.S. Nellore,,,,,,,,,
13,AR_Anjaw,AR_Changlang,AR_Lohit,,,,,,,,,,,,
14,AR_Changlang,AS_Tinsukia,AR_Anjaw,AR_Lohit,AR_Namsai,AR_Tirap,,,,,,,,,
15,AR_East Kameng,AR_Tawang,AR_Pakke Kessang,AR_West Kameng,AR_Kurung Kumey,AR_Papum Pare,,,,,,,,,
16,AR_East Siang,AS_Dhemaji,AR_Upper Siang,AS_Tinsukia,AR_Lower Dibang Valley,AR_Lower Siang,AR_Siang,,,,,,,,
17,AR_Kamle,AS_Dhemaji,AR_Lower Subansiri,AR_Kra Daadi,AR_Lower Siang,AR_Papum Pare,AR_Upper Subansiri,AS_Lakhimpur,,,,,,,
18,AR_Kra Daadi,AR_Lower Subansiri,AR_Kurung Kumey,AR_Kamle,AR_Papum Pare,AR_Upper Subansiri,,,,,,,,,
19,AR_Kurung Kumey,AR_East Kameng,AR_Kra Daadi,AR_Papum Pare,AR_Upper Subansiri,,,,,,,,,,
20,AR_Lepa Rada,AR_West Siang,AR_Lower Siang,AR_Upper Subansiri,,,,,,,,,,,
21,AR_Lohit,AS_Tinsukia,AR_Anjaw,AR_Changlang,AR_Namsai,AR_Lower Dibang Valley,,,,,,,,,
22,AR_Longding,AS_Dibrugarh,AR_Tirap,AS_Charaideo,NL_Mon,,,,,,,,,,
23,AR_Lower Dibang Valley,AS_Dhemaji,AR_Upper Siang,AS_Tinsukia,AR_Upper Dibang Valley,AR_East Siang,AR_Lohit,,,,,,,,
24,AR_Lower Siang,AS_Dhemaji,AR_West Siang,AR_Lepa Rada,AR_Kamle,AR_East Siang,AR_Siang,AR_Upper Subansiri,,,,,,,
25,AR_Lower Subansiri,AR_Kamle,AR_Kra Daadi,AR_Papum Pare,,,,,,,,,,,
26,AR_Namsai,AS_Tinsukia,AR_Changlang,AR_Lohit,,,,,,,,,,,
27,AR_Pakke Kessang,AR_East Kameng,AR_Papum Pare,AR_West Kameng,AS_Biswanath,AS_Sonitpur,,,,,,,,,
28,AR_Papum Pare,AR_Lower Subansiri,AR_Pakke Kessang,AR_Kurung Kumey,AS_Biswanath,AR_Kamle,AS_Lakhimpur,AR_East Kameng,AR_Kra Daadi,,,,,,
29,AR_Shi Yomi,AR_Upper Siang,AR_West Siang,AR_Siang,AR_Upper Subansiri,,,,,,,,,,
30,AR_Siang,AR_Upper Siang,AR_West Siang,AR_Shi Yomi,AR_East Siang,AR_Lower Siang,,,,,,,,,
31,AR_Tawang,AR_East Kameng,AR_West Kameng,,,,,,,,,,,,
32,AR_Tirap,AS_Dibrugarh,AS_Tinsukia,AR_Longding,AR_Changlang,,,,,,,,,,
33,AR_Upper Dibang Valley,AR_Upper Siang,AR_Lower Dibang Valley,,,,,,,,,,,,
34,AR_Upper Siang,AR_East Siang,AR_Lower Dibang Valley,AR_Shi Yomi,AR_Siang,AR_Upper Dibang Valley,,,,,,,,,
35,AR_Upper Subansiri,AR_West Siang,AR_Lepa Rada,AR_Kurung Kumey,AR_Kamle,AR_Shi Yomi,AR_Lower Siang,AR_Kra Daadi,,,,,,,
36,AR_West Kameng,AR_Tawang,AR_Pakke Kessang,AR_East Kameng,AS_Sonitpur,AS_Udalguri,,,,,,,,,
37,AR_West Siang,AR_Lepa Rada,AR_Lower Siang,AR_Shi Yomi,AR_Siang,AR_Upper Subansiri,,,,,,,,,
38,AS_Baksa,AS_Barpeta,AS_Chirang,AS_Darrang,AS_Kamrup,AS_Nalbari,AS_Udalguri,,,,,,,,
39,AS_Barpeta,AS_Baksa,AS_Kamrup,AS_Bongaigaon,AS_Nalbari,AS_Chirang,AS_Goalpara,,,,,,,,
40,AS_Biswanath,AR_Pakke Kessang,AS_Golaghat,AR_Papum Pare,AS_Lakhimpur,AS_Nagaon,AS_Sonitpur,,,,,,,,
41,AS_Bongaigaon,AS_Kokrajhar,AS_Barpeta,AS_Chirang,AS_Dhubri,AS_Goalpara,,,,,,,,,
42,AS_Cachar,AS_Dima Hasao,ML_East Jaintia Hills,MN_Jiribam,MZ_Aizawl,MN_Tamenglong,MZ_Kolasib,AS_Karimganj,AS_Hailakandi,MN_Pherzawl,,,,,
43,AS_Charaideo,AS_Sivasagar,AS_Dibrugarh,AR_Longding,NL_Mon,,,,,,,,,,
44,AS_Chirang,AS_Baksa,AS_Kokrajhar,AS_Bongaigaon,AS_Barpeta,,,,,,,,,,
45,AS_Darrang,AS_Baksa,AS_Udalguri,AS_Kamrup Metropolitan,AS_Morigaon,AS_Sonitpur,AS_Kamrup,,,,,,,,
46,AS_Dhemaji,AR_East Siang,AR_Kamle,AR_Lower Dibang Valley,AR_Lower Siang,AS_Dibrugarh,AS_Lakhimpur,AS_Tinsukia,,,,,,,
47,AS_Dhubri,AS_Kokrajhar,AS_Bongaigaon,AS_Goalpara,AS_South Salmara Mankachar,,,,,,,,,,
48,AS_Dibrugarh,AS_Sivasagar,AS_Dhemaji,AR_Longding,AR_Tirap,AS_Charaideo,AS_Lakhimpur,AS_Majuli,AS_Tinsukia,,,,,,
49,AS_Dima Hasao,AS_Cachar,AS_Hojai,AS_Karbi Anglong,AS_West Karbi Anglong,ML_East Jaintia Hills,ML_West Jaintia Hills,MN_Tamenglong,NL_Peren,,,,,,
50,AS_Goalpara,ML_West Garo Hills,AS_Kamrup,AS_Bongaigaon,ML_North Garo Hills,AS_Dhubri,AS_South Salmara Mankachar,AS_Barpeta,,,,,,,
51,AS_Golaghat,AS_Majuli,AS_Jorhat,AS_Biswanath,AS_Karbi Anglong,AS_Lakhimpur,AS_Nagaon,NL_Dimapur,NL_Kohima,NL_Wokha,,,,,
52,AS_Hailakandi,MZ_Mamit,MZ_Kolasib,AS_Karimganj,AS_Cachar,,,,,,,,,,
53,AS_Hojai,AS_Dima Hasao,AS_West Karbi Anglong,AS_Nagaon,AS_Karbi Anglong,,,,,,,,,,
54,AS_Jorhat,AS_Sivasagar,AS_Majuli,AS_Golaghat,NL_Mokokchung,NL_Wokha,,,,,,,,,
55,AS_Kamrup,ML_Ribhoi,AS_Baksa,AS_Kamrup Metropolitan,AS_Barpeta,AS_Darrang,AS_Goalpara,AS_Nalbari,ML_North Garo Hills,ML_West Khasi Hills,,,,,
56,AS_Kamrup Metropolitan,ML_Ribhoi,AS_Darrang,AS_Kamrup,AS_Morigaon,,,,,,,,,,
57,AS_Karbi Anglong,AS_Dima Hasao,NL_Peren,AS_Golaghat,AS_Nagaon,NL_Dimapur,AS_Hojai,,,,,,,,
58,AS_Karimganj,MZ_Mamit,TR_North Tripura,AS_Cachar,AS_Hailakandi,,,,,,,,,,
59,AS_Kokrajhar,AS_Bongaigaon,AS_Chirang,AS_Dhubri,WB_Alipurduar,,,,,,,,,,
60,AS_Lakhimpur,AS_Dhemaji,AS_Dibrugarh,AS_Majuli,AS_Golaghat,AS_Biswanath,AR_Kamle,AR_Papum Pare,,,,,,,
61,AS_Majuli,AS_Sivasagar,AS_Dibrugarh,AS_Golaghat,AS_Jorhat,AS_Lakhimpur,,,,,,,,,
62,AS_Morigaon,ML_Ribhoi,AS_Kamrup Metropolitan,AS_West Karbi Anglong,AS_Darrang,AS_Nagaon,AS_Sonitpur,,,,,,,,
63,AS_Nagaon,AS_Golaghat,AS_West Karbi Anglong,AS_Morigaon,AS_Biswanath,AS_Sonitpur,AS_Hojai,AS_Karbi Anglong,,,,,,,
64,AS_Nalbari,AS_Baksa,AS_Kamrup,AS_Barpeta,,,,,,,,,,,
65,AS_Sivasagar,AS_Charaideo,AS_Dibrugarh,AS_Jorhat,AS_Majuli,NL_Longleng,NL_Mokokchung,NL_Mon,,,,,,,
66,AS_Sonitpur,AR_Pakke Kessang,AR_West Kameng,AS_Udalguri,AS_Morigaon,AS_Biswanath,AS_Darrang,AS_Nagaon,,,,,,,
67,AS_South Salmara Mankachar,ML_South West Garo Hills,ML_West Garo Hills,ML_North Garo Hills,AS_Dhubri,AS_Goalpara,,,,,,,,,
68,AS_Tinsukia,AS_Dhemaji,AS_Dibrugarh,AR_Changlang,AR_East Siang,AR_Lohit,AR_Lower Dibang Valley,AR_Namsai,AR_Tirap,,,,,,
69,AS_Udalguri,AR_West Kameng,AS_Baksa,AS_Darrang,AS_Sonitpur,,,,,,,,,,
70,AS_West Karbi Anglong,AS_Dima Hasao,ML_Ribhoi,AS_Hojai,AS_Morigaon,AS_Nagaon,ML_West Jaintia Hills,,,,,,,,
71,BR_Araria,BR_Kishanganj,BR_Supaul,BR_Madhepura,BR_Purnia,,,,,,,,,,
72,BR_Arwal,BR_Rohtas,BR_Patna,BR_Aurangabad,BR_Bhojpur,BR_Gaya,BR_Jehanabad,,,,,,,,
73,BR_Aurangabad,BR_Rohtas,JH_Palamu,MH_Ahmednagar,MH_Jalna,MH_Jalgaon,MH_Beed,MH_Nashik,BR_Arwal,BR_Gaya,,,,,
74,BR_Banka,BR_Bhagalpur,BR_Jamui,BR_Munger,JH_Deoghar,JH_Dumka,JH_Godda,,,,,,,,
75,BR_Begusarai,BR_Samastipur,BR_Khagaria,BR_Patna,BR_Munger,BR_Lakhisarai,,,,,,,,,
76,BR_Bhagalpur,BR_Banka,BR_Katihar,BR_Khagaria,BR_Munger,JH_Godda,BR_Madhepura,JH_Sahibganj,BR_Purnia,,,,,,
77,BR_Bhojpur,BR_Rohtas,BR_Patna,BR_Buxar,UP_Ballia,BR_Arwal,BR_Saran,,,,,,,,
78,BR_Buxar,BR_Rohtas,BR_Kaimur,BR_Bhojpur,UP_Ballia,UP_Ghazipur,,,,,,,,,
79,BR_Darbhanga,BR_Samastipur,BR_Muzaffarpur,BR_Sitamarhi,BR_Saharsa,BR_Madhubani,,,,,,,,,
80,BR_East Champaran,BR_Muzaffarpur,BR_Sitamarhi,BR_Gopalganj,BR_Sheohar,BR_West Champaran,,,,,,,,,
81,BR_Gaya,JH_Palamu,JH_Koderma,JH_Hazaribagh,BR_Arwal,BR_Aurangabad,BR_Jehanabad,BR_Nalanda,BR_Nawada,JH_Chatra,,,,,
82,BR_Gopalganj,BR_Muzaffarpur,UP_Deoria,UP_Kushinagar,BR_Siwan,BR_East Champaran,BR_West Champaran,BR_Saran,,,,,,,
83,BR_Jamui,BR_Banka,BR_Munger,JH_Giridih,BR_Lakhisarai,JH_Deoghar,BR_Sheikhpura,BR_Nawada,,,,,,,
84,BR_Jehanabad,BR_Patna,BR_Arwal,BR_Gaya,BR_Nalanda,,,,,,,,,,
85,BR_Kaimur,BR_Rohtas,BR_Buxar,UP_Chandauli,UP_Ghazipur,UP_Sonbhadra,,,,,,,,,
86,BR_Katihar,BR_Bhagalpur,BR_Purnia,JH_Sahibganj,WB_Malda,WB_Uttar Dinajpur,,,,,,,,,
87,BR_Khagaria,BR_Samastipur,BR_Begusarai,BR_Bhagalpur,BR_Madhepura,BR_Munger,BR_Saharsa,,,,,,,,
88,BR_Kishanganj,BR_Araria,BR_Purnia,WB_Darjeeling,WB_Uttar Dinajpur,,,,,,,,,,
89,BR_Lakhisarai,BR_Patna,BR_Munger,BR_Begusarai,BR_Jamui,BR_Nalanda,BR_Sheikhpura,,,,,,,,
90,BR_Madhepura,BR_Khagaria,BR_Saharsa,BR_Supaul,BR_Araria,BR_Bhagalpur,BR_Purnia,,,,,,,,
91,BR_Madhubani,BR_Sitamarhi,BR_Saharsa,BR_Darbhanga,BR_Supaul,,,,,,,,,,
92,BR_Munger,BR_Banka,BR_Khagaria,BR_Begusarai,BR_Bhagalpur,BR_Jamui,BR_Lakhisarai,,,,,,,,
93,BR_Muzaffarpur,BR_Samastipur,BR_Darbhanga,BR_East Champaran,BR_Gopalganj,BR_Saran,BR_Sheohar,BR_Sitamarhi,BR_Vaishali,,,,,,
94,BR_Nalanda,BR_Patna,BR_Lakhisarai,BR_Gaya,BR_Sheikhpura,BR_Jehanabad,BR_Nawada,,,,,,,,
95,BR_Nawada,JH_Koderma,JH_Giridih,BR_Gaya,BR_Sheikhpura,BR_Nalanda,BR_Jamui,,,,,,,,
96,BR_Patna,BR_Samastipur,BR_Vaishali,BR_Arwal,BR_Begusarai,BR_Bhojpur,BR_Jehanabad,BR_Lakhisarai,BR_Nalanda,BR_Saran,,,,,
97,BR_Purnia,BR_Katihar,BR_Kishanganj,BR_Madhepura,BR_Araria,BR_Bhagalpur,WB_Uttar Dinajpur,,,,,,,,
98,BR_Rohtas,JH_Garhwa,BR_Arwal,BR_Aurangabad,BR_Bhojpur,BR_Buxar,BR_Kaimur,JH_Palamu,UP_Sonbhadra,,,,,,
99,BR_Saharsa,BR_Samastipur,BR_Khagaria,BR_Darbhanga,BR_Madhepura,BR_Madhubani,BR_Supaul,,,,,,,,
100,BR_Samastipur,BR_Begusarai,BR_Darbhanga,BR_Khagaria,BR_Muzaffarpur,BR_Patna,BR_Saharsa,BR_Vaishali,,,,,,,
101,BR_Saran,BR_Muzaffarpur,BR_Vaishali,BR_Patna,BR_Siwan,UP_Ballia,BR_Bhojpur,BR_Gopalganj,,,,,,,
102,BR_Sheikhpura,BR_Lakhisarai,BR_Jamui,BR_Nalanda,BR_Nawada,,,,,,,,,,
103,BR_Sheohar,BR_Muzaffarpur,BR_Sitamarhi,BR_East Champaran,,,,,,,,,,,
104,BR_Sitamarhi,BR_Muzaffarpur,BR_Darbhanga,BR_East Champaran,BR_Madhubani,BR_Sheohar,,,,,,,,,
105,BR_Siwan,UP_Deoria,BR_Gopalganj,BR_Saran,UP_Ballia,,,,,,,,,,
106,BR_Supaul,BR_Saharsa,BR_Araria,BR_Madhepura,BR_Madhubani,,,,,,,,,,
107,BR_Vaishali,BR_Samastipur,BR_Muzaffarpur,BR_Patna,BR_Saran,,,,,,,,,,
108,BR_West Champaran,UP_Kushinagar,BR_East Champaran,BR_Gopalganj,UP_Maharajganj,,,,,,,,,,
109,CH_Chandigarh,HR_Panchkula,PB_S.A.S. Nagar,,,,,,,,,,,,
110,CT_Balod,CT_Rajnandgaon,CT_Dhamtari,CT_Durg,CT_Uttar Bastar Kanker,,,,,,,,,,
111,CT_Baloda Bazar,CT_Bametara,CT_Mahasamund,CT_Bilaspur,CT_Janjgir Champa,CT_Mungeli,CT_Raigarh,CT_Raipur,,,,,,,
112,CT_Balrampur,UP_Shrawasti,JH_Garhwa,UP_Gonda,JH_Gumla,CT_Jashpur,UP_Siddharthnagar,CT_Surguja,JH_Latehar,CT_Surajpur,MP_Singrauli,UP_Sonbhadra,,,
113,CT_Bametara,CT_Baloda Bazar,CT_Durg,CT_Kabeerdham,CT_Mungeli,CT_Raipur,CT_Rajnandgaon,,,,,,,,
114,CT_Bastar,CT_Kondagaon,OR_Malkangiri,CT_Dakshin Bastar Dantewada,CT_Sukma,OR_Koraput,OR_Nabarangapur,,,,,,,,
115,CT_Bijapur,KA_Bagalkote,KA_Belagavi,KA_Kalaburagi,KA_Raichur,KA_Yadgir,MH_Sangli,MH_Solapur,CT_Sukma,MH_Gadchiroli,CT_Dakshin Bastar Dantewada,TG_Jayashankar Bhupalapally,CT_Narayanpur,TG_Mulugu,TG_Bhadradri Kothagudem
116,CT_Bilaspur,CT_Korba,PB_Rupnagar,CT_Baloda Bazar,CT_Mungeli,CT_Koriya,CT_Janjgir Champa,HP_Mandi,HP_Solan,HP_Una,MP_Anuppur,,,,
117,CT_Dakshin Bastar Dantewada,CT_Kondagaon,CT_Bastar,CT_Sukma,CT_Bijapur,CT_Narayanpur,,,,,,,,,
118,CT_Dhamtari,CT_Kondagaon,CT_Balod,CT_Gariaband,CT_Durg,CT_Raipur,CT_Uttar Bastar Kanker,OR_Nabarangapur,,,,,,,
119,CT_Durg,CT_Bametara,CT_Rajnandgaon,CT_Balod,CT_Dhamtari,CT_Raipur,,,,,,,,,
120,CT_Gariaband,OR_Kalahandi,CT_Mahasamund,CT_Dhamtari,CT_Raipur,OR_Nabarangapur,OR_Nuapada,,,,,,,,
121,CT_Janjgir Champa,CT_Korba,CT_Baloda Bazar,CT_Bilaspur,CT_Raigarh,,,,,,,,,,
122,CT_Jashpur,JH_Simdega,JH_Gumla,CT_Balrampur,CT_Raigarh,CT_Surguja,OR_Sundargarh,,,,,,,,
123,CT_Kabeerdham,CT_Bametara,CT_Rajnandgaon,CT_Mungeli,MP_Balaghat,MP_Dindori,MP_Mandla,,,,,,,,
124,CT_Kondagaon,CT_Bastar,CT_Dakshin Bastar Dantewada,CT_Dhamtari,CT_Narayanpur,CT_Uttar Bastar Kanker,OR_Nabarangapur,,,,,,,,
125,CT_Korba,CT_Bilaspur,CT_Janjgir Champa,CT_Koriya,CT_Raigarh,CT_Surajpur,CT_Surguja,,,,,,,,
126,CT_Koriya,CT_Korba,MP_Shahdol,MP_Sidhi,CT_Bilaspur,CT_Surajpur,MP_Anuppur,MP_Singrauli,,,,,,,
127,CT_Mahasamund,OR_Bargarh,CT_Baloda Bazar,CT_Gariaband,CT_Raigarh,CT_Raipur,OR_Nuapada,,,,,,,,
128,CT_Mungeli,CT_Bametara,CT_Baloda Bazar,CT_Bilaspur,CT_Kabeerdham,MP_Anuppur,MP_Dindori,,,,,,,,
129,CT_Narayanpur,CT_Kondagaon,MH_Gadchiroli,CT_Dakshin Bastar Dantewada,CT_Uttar Bastar Kanker,CT_Bijapur,,,,,,,,,
130,CT_Raigarh,CT_Korba,OR_Bargarh,CT_Mahasamund,CT_Baloda Bazar,CT_Jashpur,CT_Surguja,CT_Janjgir Champa,OR_Sundargarh,OR_Jharsuguda,,,,,
131,CT_Raipur,CT_Bametara,CT_Mahasamund,CT_Baloda Bazar,CT_Gariaband,CT_Durg,CT_Dhamtari,,,,,,,,
132,CT_Rajnandgaon,MH_Gondia,CT_Bametara,CT_Balod,CT_Durg,CT_Kabeerdham,CT_Uttar Bastar Kanker,MH_Gadchiroli,MP_Balaghat,,,,,,
133,CT_Sukma,AP_East Godavari,OR_Malkangiri,CT_Bastar,CT_Bijapur,CT_Dakshin Bastar Dantewada,TG_Bhadradri Kothagudem,,,,,,,,
134,CT_Surajpur,CT_Korba,CT_Surguja,CT_Koriya,CT_Balrampur,MP_Singrauli,,,,,,,,,
135,CT_Surguja,CT_Korba,CT_Jashpur,CT_Balrampur,CT_Raigarh,CT_Surajpur,,,,,,,,,
136,CT_Uttar Bastar Kanker,CT_Kondagaon,CT_Rajnandgaon,CT_Balod,CT_Dhamtari,MH_Gadchiroli,CT_Narayanpur,,,,,,,,
137,DL_Central Delhi,DL_New Delhi,DL_North Delhi,DL_North West Delhi,DL_East Delhi,DL_North East Delhi,DL_Shahdara,DL_South East Delhi,DL_West Delhi,,,,,,
138,DL_East Delhi,UP_Ghaziabad,DL_Central Delhi,UP_Gautam Buddha Nagar,DL_Shahdara,DL_South East Delhi,,,,,,,,,
139,DL_New Delhi,DL_Central Delhi,DL_South Delhi,DL_South East Delhi,DL_South West Delhi,DL_West Delhi,HR_Gurugram,,,,,,,,
140,DL_North Delhi,DL_Central Delhi,DL_North East Delhi,DL_North West Delhi,HR_Sonipat,UP_Baghpat,UP_Ghaziabad,,,,,,,,
141,DL_North East Delhi,DL_North Delhi,UP_Ghaziabad,DL_Central Delhi,DL_Shahdara,,,,,,,,,,
142,DL_North West Delhi,DL_North Delhi,DL_Central Delhi,DL_West Delhi,HR_Jhajjar,HR_Sonipat,,,,,,,,,
143,DL_Shahdara,UP_Ghaziabad,DL_Central Delhi,DL_East Delhi,DL_North East Delhi,,,,,,,,,,
144,DL_South Delhi,DL_New Delhi,HR_Faridabad,DL_South East Delhi,HR_Gurugram,,,,,,,,,,
145,DL_South East Delhi,DL_New Delhi,HR_Faridabad,DL_Central Delhi,UP_Gautam Buddha Nagar,DL_South Delhi,DL_East Delhi,,,,,,,,
146,DL_South West Delhi,DL_New Delhi,DL_West Delhi,HR_Gurugram,HR_Jhajjar,,,,,,,,,,
147,DL_West Delhi,DL_New Delhi,DL_North West Delhi,DL_Central Delhi,DL_South West Delhi,HR_Jhajjar,,,,,,,,,
148,DN_Dadra and Nagar Haveli,GJ_Valsad,MH_Palghar,,,,,,,,,,,,
149,DN_Daman,GJ_Valsad,,,,,,,,,,,,,
150,DN_Diu,GJ_Gir Somnath,,,,,,,,,,,,,
151,GA_North Goa,KA_Belagavi,GA_South Goa,KA_Uttara Kannada,MH_Sindhudurg,,,,,,,,,,
152,GA_South Goa,GA_North Goa,KA_Uttara Kannada,,,,,,,,,,,,
153,GJ_Ahmedabad,GJ_Kheda,GJ_Botad,GJ_Anand,GJ_Bhavnagar,GJ_Gandhinagar,GJ_Mehsana,GJ_Surendranagar,,,,,,,
154,GJ_Amreli,GJ_Rajkot,GJ_Botad,GJ_Junagadh,GJ_Bhavnagar,GJ_Gir Somnath,,,,,,,,,
155,GJ_Anand,GJ_Kheda,GJ_Vadodara,GJ_Ahmedabad,GJ_Bharuch,,,,,,,,,,
156,GJ_Aravalli,GJ_Kheda,GJ_Sabarkantha,RJ_Udaipur,GJ_Gandhinagar,GJ_Mahisagar,RJ_Dungarpur,,,,,,,,
157,GJ_Banaskantha,GJ_Kutch,GJ_Mehsana,GJ_Patan,GJ_Sabarkantha,RJ_Jalore,RJ_Sirohi,,,,,,,,
158,GJ_Bharuch,GJ_Surat,GJ_Vadodara,GJ_Anand,GJ_Narmada,,,,,,,,,,
159,GJ_Bhavnagar,GJ_Botad,GJ_Ahmedabad,GJ_Amreli,,,,,,,,,,,
160,GJ_Botad,GJ_Rajkot,GJ_Ahmedabad,GJ_Amreli,GJ_Bhavnagar,GJ_Surendranagar,,,,,,,,,
161,GJ_Chhota Udaipur,MP_Alirajpur,MH_Nandurbar,GJ_Vadodara,GJ_Dahod,GJ_Narmada,GJ_Panchmahal,,,,,,,,
162,GJ_Dahod,RJ_Banswara,MP_Jhabua,MP_Alirajpur,GJ_Chhota Udaipur,GJ_Mahisagar,GJ_Panchmahal,,,,,,,,
163,GJ_Dang,MH_Dhule,GJ_Tapi,GJ_Navsari,MH_Nashik,,,,,,,,,,
164,GJ_Devbhumi Dwarka,GJ_Jamnagar,GJ_Porbandar,,,,,,,,,,,,
165,GJ_Gandhinagar,GJ_Kheda,GJ_Sabarkantha,GJ_Ahmedabad,GJ_Aravalli,GJ_Mehsana,,,,,,,,,
166,GJ_Gir Somnath,GJ_Junagadh,DN_Diu,GJ_Amreli,,,,,,,,,,,
167,GJ_Jamnagar,GJ_Devbhumi Dwarka,GJ_Morbi,GJ_Porbandar,GJ_Rajkot,,,,,,,,,,
168,GJ_Junagadh,GJ_Porbandar,GJ_Rajkot,GJ_Amreli,GJ_Gir Somnath,,,,,,,,,,
169,GJ_Kheda,GJ_Ahmedabad,GJ_Anand,GJ_Aravalli,GJ_Gandhinagar,GJ_Mahisagar,GJ_Panchmahal,GJ_Vadodara,,,,,,,
170,GJ_Kutch,GJ_Banaskantha,GJ_Morbi,GJ_Patan,GJ_Surendranagar,RJ_Barmer,RJ_Jalore,,,,,,,,
171,GJ_Mahisagar,RJ_Banswara,GJ_Kheda,GJ_Aravalli,GJ_Dahod,GJ_Panchmahal,RJ_Dungarpur,,,,,,,,
172,GJ_Mehsana,GJ_Banaskantha,GJ_Sabarkantha,GJ_Ahmedabad,GJ_Surendranagar,GJ_Gandhinagar,GJ_Patan,,,,,,,,
173,GJ_Morbi,GJ_Jamnagar,GJ_Kutch,GJ_Rajkot,GJ_Surendranagar,,,,,,,,,,
174,GJ_Narmada,GJ_Surat,MH_Nandurbar,GJ_Vadodara,GJ_Tapi,GJ_Chhota Udaipur,GJ_Bharuch,,,,,,,,
175,GJ_Navsari,GJ_Surat,GJ_Tapi,GJ_Dang,GJ_Valsad,MH_Nashik,,,,,,,,,
176,GJ_Panchmahal,GJ_Kheda,GJ_Vadodara,GJ_Chhota Udaipur,GJ_Mahisagar,GJ_Dahod,,,,,,,,,
177,GJ_Patan,GJ_Kutch,GJ_Banaskantha,GJ_Surendranagar,GJ_Mehsana,,,,,,,,,,
178,GJ_Porbandar,GJ_Jamnagar,GJ_Devbhumi Dwarka,GJ_Junagadh,GJ_Rajkot,,,,,,,,,,
179,GJ_Rajkot,GJ_Jamnagar,GJ_Porbandar,GJ_Amreli,GJ_Botad,GJ_Junagadh,GJ_Morbi,GJ_Surendranagar,,,,,,,
180,GJ_Sabarkantha,GJ_Banaskantha,GJ_Aravalli,GJ_Gandhinagar,GJ_Mehsana,RJ_Sirohi,RJ_Udaipur,,,,,,,,
181,GJ_Surat,GJ_Bharuch,GJ_Narmada,GJ_Navsari,GJ_Tapi,,,,,,,,,,
182,GJ_Surendranagar,GJ_Kutch,GJ_Rajkot,GJ_Botad,GJ_Morbi,GJ_Ahmedabad,GJ_Mehsana,GJ_Patan,,,,,,,
183,GJ_Tapi,GJ_Surat,MH_Dhule,MH_Nandurbar,GJ_Dang,GJ_Narmada,GJ_Navsari,,,,,,,,
184,GJ_Vadodara,GJ_Kheda,GJ_Anand,GJ_Bharuch,GJ_Chhota Udaipur,GJ_Narmada,GJ_Panchmahal,,,,,,,,
185,GJ_Valsad,DN_Dadra and Nagar Haveli,GJ_Navsari,DN_Daman,MH_Nashik,MH_Palghar,,,,,,,,,
186,HP_Chamba,PB_Pathankot,JK_Kathua,HP_Lahaul and Spiti,HP_Kangra,JK_Doda,JK_Kishtwar,,,,,,,,
187,HP_Hamirpur,UP_Jalaun,UP_Banda,UP_Kanpur Nagar,UP_Fatehpur,UP_Kanpur Dehat,HP_Kangra,HP_Mandi,UP_Jhansi,HP_Una,UP_Mahoba,,,,
188,HP_Kangra,PB_Pathankot,PB_Gurdaspur,HP_Lahaul and Spiti,HP_Chamba,HP_Hamirpur,HP_Kullu,HP_Mandi,HP_Una,PB_Hoshiarpur,,,,,
189,HP_Kinnaur,HP_Shimla,HP_Lahaul and Spiti,HP_Kullu,UT_Uttarkashi,,,,,,,,,,
190,HP_Kullu,HP_Shimla,HP_Lahaul and Spiti,HP_Kangra,HP_Mandi,HP_Kinnaur,,,,,,,,,
191,HP_Lahaul and Spiti,LA_Leh,HP_Chamba,HP_Kangra,HP_Kinnaur,HP_Kullu,JK_Kishtwar,LA_Kargil,,,,,,,
192,HP_Mandi,HP_Shimla,HP_Kangra,CT_Bilaspur,HP_Hamirpur,HP_Kullu,HP_Solan,,,,,,,,
193,HP_Shimla,HP_Sirmaur,KA_Udupi,HP_Kinnaur,HP_Kullu,HP_Mandi,HP_Solan,KA_Chikkamagaluru,KA_Davanagere,KA_Haveri,KA_Uttara Kannada,UT_Dehradun,UT_Uttarkashi,,
194,HP_Sirmaur,HP_Shimla,HP_Solan,HR_Ambala,HR_Panchkula,HR_Yamunanagar,UP_Saharanpur,UT_Dehradun,,,,,,,
195,HP_Solan,HP_Sirmaur,PB_Rupnagar,HR_Panchkula,HP_Shimla,HP_Mandi,CT_Bilaspur,PB_S.A.S. Nagar,,,,,,,
196,HP_Una,PB_Rupnagar,HP_Kangra,PB_Hoshiarpur,CT_Bilaspur,HP_Hamirpur,,,,,,,,,
197,HR_Ambala,HP_Sirmaur,HR_Panchkula,HR_Kurukshetra,HR_Yamunanagar,PB_Patiala,PB_S.A.S. Nagar,,,,,,,,
198,HR_Bhiwani,HR_Charkhi Dadri,HR_Hisar,HR_Mahendragarh,HR_Rohtak,RJ_Churu,RJ_Hanumangarh,RJ_Jhunjhunu,,,,,,,
199,HR_Charkhi Dadri,HR_Bhiwani,HR_Rohtak,HR_Jhajjar,HR_Mahendragarh,,,,,,,,,,
200,HR_Faridabad,DL_South Delhi,DL_South East Delhi,HR_Gurugram,HR_Palwal,UP_Gautam Buddha Nagar,,,,,,,,,
201,HR_Fatehabad,HR_Jind,HR_Hisar,PB_Sangrur,HR_Sirsa,PB_Mansa,RJ_Hanumangarh,,,,,,,,
202,HR_Gurugram,DL_New Delhi,HR_Faridabad,HR_Rewari,HR_Palwal,HR_Nuh,DL_South Delhi,DL_South West Delhi,HR_Jhajjar,,,,,,
203,HR_Hisar,HR_Jind,HR_Bhiwani,HR_Rohtak,HR_Fatehabad,RJ_Hanumangarh,,,,,,,,,
204,HR_Jhajjar,HR_Rohtak,HR_Charkhi Dadri,HR_Rewari,DL_North West Delhi,HR_Mahendragarh,DL_West Delhi,HR_Gurugram,HR_Sonipat,DL_South West Delhi,,,,,
205,HR_Jind,HR_Fatehabad,HR_Hisar,HR_Kaithal,HR_Karnal,HR_Panipat,HR_Rohtak,HR_Sonipat,PB_Patiala,PB_Sangrur,,,,,
206,HR_Kaithal,HR_Jind,HR_Kurukshetra,PB_Patiala,HR_Karnal,,,,,,,,,,
207,HR_Karnal,HR_Jind,HR_Kurukshetra,UP_Shamli,HR_Yamunanagar,UP_Saharanpur,HR_Kaithal,HR_Panipat,,,,,,,
208,HR_Kurukshetra,HR_Ambala,HR_Kaithal,HR_Karnal,HR_Yamunanagar,PB_Patiala,,,,,,,,,
209,HR_Mahendragarh,HR_Bhiwani,HR_Charkhi Dadri,RJ_Jaipur,HR_Rewari,RJ_Jhunjhunu,HR_Jhajjar,RJ_Alwar,RJ_Sikar,,,,,,
210,HR_Nuh,HR_Rewari,RJ_Bharatpur,HR_Palwal,HR_Gurugram,RJ_Alwar,UP_Mathura,,,,,,,,
211,HR_Palwal,UP_Aligarh,HR_Faridabad,HR_Gurugram,HR_Nuh,UP_Gautam Buddha Nagar,UP_Mathura,,,,,,,,
212,HR_Panchkula,HP_Sirmaur,CH_Chandigarh,HP_Solan,HR_Ambala,PB_S.A.S. Nagar,,,,,,,,,
213,HR_Panipat,HR_Jind,UP_Shamli,HR_Sonipat,HR_Karnal,UP_Baghpat,,,,,,,,,
214,HR_Rewari,HR_Gurugram,HR_Jhajjar,HR_Mahendragarh,HR_Nuh,RJ_Alwar,,,,,,,,,
215,HR_Rohtak,HR_Jind,HR_Bhiwani,HR_Charkhi Dadri,HR_Hisar,HR_Jhajjar,HR_Sonipat,,,,,,,,
216,HR_Sirsa,PB_Bathinda,PB_Sri Muktsar Sahib,HR_Fatehabad,PB_Mansa,RJ_Hanumangarh,,,,,,,,,
217,HR_Sonipat,HR_Jind,HR_Rohtak,DL_North Delhi,DL_North West Delhi,HR_Jhajjar,HR_Panipat,UP_Baghpat,,,,,,,
218,HR_Yamunanagar,HP_Sirmaur,HR_Kurukshetra,HR_Ambala,HR_Karnal,UP_Saharanpur,,,,,,,,,
219,JH_Bokaro,WB_Purulia,JH_Dhanbad,JH_Giridih,JH_Hazaribagh,JH_Ramgarh,,,,,,,,,
220,JH_Chatra,JH_Palamu,JH_Ranchi,JH_Hazaribagh,JH_Latehar,BR_Gaya,,,,,,,,,
221,JH_Deoghar,BR_Banka,JH_Jamtara,JH_Giridih,BR_Jamui,JH_Dumka,,,,,,,,,
222,JH_Dhanbad,WB_Purulia,JH_Jamtara,JH_Bokaro,JH_Giridih,WB_Paschim Bardhaman,,,,,,,,,
223,JH_Dumka,WB_Birbhum,BR_Banka,JH_Jamtara,JH_Godda,JH_Pakur,JH_Deoghar,,,,,,,,
224,JH_East Singhbhum,WB_Purulia,WB_Jhargram,OR_Mayurbhanj,,,,,,,,,,,
225,JH_Garhwa,BR_Rohtas,CT_Balrampur,JH_Latehar,JH_Palamu,UP_Sonbhadra,,,,,,,,,
226,JH_Giridih,JH_Koderma,JH_Jamtara,JH_Dhanbad,BR_Jamui,BR_Nawada,JH_Bokaro,JH_Deoghar,JH_Hazaribagh,,,,,,
227,JH_Godda,BR_Banka,BR_Bhagalpur,JH_Dumka,JH_Pakur,JH_Sahibganj,,,,,,,,,
228,JH_Gumla,JH_Simdega,JH_Ranchi,CT_Balrampur,CT_Jashpur,JH_Khunti,JH_Latehar,JH_Lohardaga,,,,,,,
229,JH_Hazaribagh,JH_Koderma,JH_Ranchi,JH_Giridih,BR_Gaya,JH_Bokaro,JH_Chatra,JH_Ramgarh,,,,,,,
230,JH_Jamtara,WB_Birbhum,JH_Deoghar,JH_Dhanbad,JH_Dumka,JH_Giridih,WB_Paschim Bardhaman,,,,,,,,
231,JH_Khunti,JH_Simdega,JH_Ranchi,JH_Gumla,JH_West Singhbhum,,,,,,,,,,
232,JH_Koderma,BR_Gaya,BR_Nawada,JH_Giridih,JH_Hazaribagh,,,,,,,,,,
233,JH_Latehar,JH_Garhwa,JH_Palamu,JH_Ranchi,JH_Gumla,CT_Balrampur,JH_Chatra,JH_Lohardaga,,,,,,,
234,JH_Lohardaga,JH_Ranchi,JH_Gumla,JH_Latehar,,,,,,,,,,,
235,JH_Pakur,WB_Birbhum,WB_Murshidabad,JH_Godda,JH_Dumka,JH_Sahibganj,,,,,,,,,
236,JH_Palamu,JH_Garhwa,BR_Rohtas,BR_Aurangabad,BR_Gaya,JH_Chatra,JH_Latehar,,,,,,,,
237,JH_Ramgarh,JH_Ranchi,WB_Purulia,JH_Hazaribagh,JH_Bokaro,,,,,,,,,,
238,JH_Ranchi,JH_Chatra,JH_Gumla,JH_Hazaribagh,JH_Khunti,JH_Latehar,JH_Lohardaga,JH_Ramgarh,WB_Purulia,,,,,,
239,JH_Sahibganj,BR_Katihar,WB_Murshidabad,JH_Godda,JH_Pakur,WB_Malda,BR_Bhagalpur,,,,,,,,
240,JH_Simdega,CT_Jashpur,JH_Gumla,JH_Khunti,JH_West Singhbhum,OR_Sundargarh,,,,,,,,,
241,JH_West Singhbhum,JH_Simdega,JH_Khunti,OR_Kendujhar,OR_Mayurbhanj,OR_Sundargarh,,,,,,,,,
242,JK_Anantnag,JK_Kulgam,JK_Ganderbal,JK_Doda,JK_Kishtwar,JK_Pulwama,JK_Ramban,JK_Shopiyan,JK_Srinagar,LA_Kargil,,,,,
243,JK_Bandipora,JK_Baramulla,JK_Ganderbal,JK_Kupwara,JK_Srinagar,LA_Kargil,,,,,,,,,
244,JK_Baramulla,JK_Bandipora,JK_Budgam,JK_Kupwara,JK_Punch,JK_Srinagar,,,,,,,,,
245,JK_Budgam,JK_Baramulla,JK_Kulgam,JK_Pulwama,JK_Punch,JK_Shopiyan,JK_Srinagar,,,,,,,,
246,JK_Doda,JK_Anantnag,JK_Kathua,HP_Chamba,JK_Ramban,JK_Udhampur,JK_Kishtwar,,,,,,,,
247,JK_Ganderbal,JK_Anantnag,JK_Bandipora,JK_Srinagar,LA_Kargil,,,,,,,,,,
248,JK_Jammu,JK_Reasi,JK_Rajouri,JK_Samba,JK_Udhampur,,,,,,,,,,
249,JK_Kathua,PB_Pathankot,HP_Chamba,JK_Doda,JK_Samba,JK_Udhampur,,,,,,,,,
250,JK_Kishtwar,JK_Anantnag,HP_Lahaul and Spiti,HP_Chamba,LA_Kargil,JK_Doda,,,,,,,,,
251,JK_Kulgam,JK_Anantnag,JK_Budgam,JK_Punch,JK_Rajouri,JK_Ramban,JK_Reasi,JK_Shopiyan,,,,,,,
252,JK_Kupwara,JK_Baramulla,JK_Bandipora,,,,,,,,,,,,
253,JK_Pulwama,JK_Anantnag,JK_Budgam,JK_Shopiyan,JK_Srinagar,,,,,,,,,,
254,JK_Punch,JK_Baramulla,JK_Kulgam,JK_Budgam,JK_Reasi,JK_Rajouri,,,,,,,,,
255,JK_Rajouri,JK_Kulgam,JK_Reasi,JK_Jammu,JK_Punch,,,,,,,,,,
256,JK_Ramban,JK_Kulgam,JK_Anantnag,JK_Reasi,JK_Doda,JK_Udhampur,,,,,,,,,
257,JK_Reasi,JK_Kulgam,JK_Jammu,JK_Punch,JK_Rajouri,JK_Ramban,JK_Udhampur,,,,,,,,
258,JK_Samba,JK_Kathua,JK_Jammu,JK_Udhampur,,,,,,,,,,,
259,JK_Shopiyan,JK_Kulgam,JK_Anantnag,JK_Budgam,JK_Pulwama,,,,,,,,,,
260,JK_Srinagar,JK_Baramulla,JK_Ganderbal,JK_Anantnag,JK_Bandipora,JK_Budgam,JK_Pulwama,,,,,,,,
261,JK_Udhampur,JK_Kathua,JK_Reasi,JK_Ramban,JK_Jammu,JK_Doda,JK_Samba,,,,,,,,
262,KA_Bagalkote,CT_Bijapur,KA_Raichur,KA_Belagavi,KA_Gadag,KA_Koppal,,,,,,,,,
263,KA_Ballari,KA_Raichur,AP_Anantapur,KA_Davanagere,KA_Koppal,AP_Kurnool,KA_Gadag,KA_Chitradurga,KA_Haveri,,,,,,
264,KA_Belagavi,CT_Bijapur,KA_Bagalkote,GA_North Goa,KA_Dharwad,KA_Gadag,KA_Uttara Kannada,MH_Kolhapur,MH_Sangli,MH_Sindhudurg,,,,,
265,KA_Bengaluru Rural,KA_Chikkaballapura,KA_Bengaluru Urban,KA_Kolar,KA_Ramanagara,KA_Tumakuru,TN_Krishnagiri,,,,,,,,
266,KA_Bengaluru Urban,KA_Bengaluru Rural,KA_Ramanagara,TN_Krishnagiri,,,,,,,,,,,
267,KA_Bidar,MH_Nanded,KA_Kalaburagi,MH_Latur,MH_Osmanabad,TG_Kamareddy,TG_Sangareddy,,,,,,,,
268,KA_Chamarajanagara,TN_Dharmapuri,KA_Ramanagara,TN_Erode,TN_Nilgiris,KA_Mandya,TN_Salem,KA_Mysuru,KL_Wayanad,TN_Krishnagiri,,,,,
269,KA_Chikkaballapura,AP_Chittoor,AP_Anantapur,KA_Bengaluru Rural,KA_Kolar,KA_Tumakuru,,,,,,,,,
270,KA_Chikkamagaluru,KA_Udupi,HP_Shimla,KA_Chitradurga,KA_Dakshina Kannada,KA_Davanagere,KA_Hassan,KA_Tumakuru,,,,,,,
271,KA_Chitradurga,AP_Anantapur,KA_Chikkamagaluru,KA_Davanagere,KA_Tumakuru,KA_Ballari,,,,,,,,,
272,KA_Dakshina Kannada,KA_Kodagu,KA_Udupi,KA_Chikkamagaluru,KA_Hassan,KL_Kasaragod,,,,,,,,,
273,KA_Davanagere,HP_Shimla,KA_Chikkamagaluru,KA_Ballari,KA_Chitradurga,KA_Haveri,,,,,,,,,
274,KA_Dharwad,KA_Belagavi,KA_Uttara Kannada,KA_Gadag,KA_Haveri,,,,,,,,,,
275,KA_Gadag,KA_Bagalkote,KA_Belagavi,KA_Koppal,KA_Ballari,KA_Dharwad,KA_Haveri,,,,,,,,
276,KA_Hassan,KA_Kodagu,KA_Chikkamagaluru,KA_Mandya,KA_Dakshina Kannada,KA_Mysuru,KA_Tumakuru,,,,,,,,
277,KA_Haveri,HP_Shimla,KA_Davanagere,KA_Uttara Kannada,KA_Gadag,KA_Dharwad,KA_Ballari,,,,,,,,
278,KA_Kalaburagi,CT_Bijapur,KA_Yadgir,KA_Bidar,MH_Osmanabad,MH_Solapur,TG_Sangareddy,TG_Narayanpet,TG_Vikarabad,,,,,,
279,KA_Kodagu,KA_Dakshina Kannada,KA_Hassan,KA_Mysuru,KL_Kannur,KL_Kasaragod,KL_Wayanad,,,,,,,,
280,KA_Kolar,AP_Chittoor,KA_Chikkaballapura,KA_Bengaluru Rural,TN_Krishnagiri,,,,,,,,,,
281,KA_Koppal,KA_Raichur,KA_Bagalkote,KA_Ballari,KA_Gadag,,,,,,,,,,
282,KA_Mandya,KA_Ramanagara,KA_Chamarajanagara,KA_Hassan,KA_Mysuru,KA_Tumakuru,,,,,,,,,
283,KA_Mysuru,KA_Kodagu,KA_Mandya,KA_Chamarajanagara,KA_Hassan,KL_Wayanad,,,,,,,,,
284,KA_Raichur,CT_Bijapur,AP_Kurnool,KA_Bagalkote,KA_Ballari,KA_Koppal,KA_Yadgir,TG_Jogulamba Gadwal,TG_Narayanpet,,,,,,
285,KA_Ramanagara,KA_Bengaluru Rural,KA_Bengaluru Urban,KA_Chamarajanagara,KA_Mandya,KA_Tumakuru,TN_Krishnagiri,,,,,,,,
286,KA_Tumakuru,KA_Chikkaballapura,KA_Bengaluru Rural,KA_Ramanagara,AP_Anantapur,KA_Chikkamagaluru,KA_Mandya,KA_Hassan,KA_Chitradurga,,,,,,
287,KA_Udupi,HP_Shimla,KA_Chikkamagaluru,KA_Dakshina Kannada,KA_Uttara Kannada,,,,,,,,,,
288,KA_Uttara Kannada,KA_Belagavi,GA_South Goa,KA_Udupi,HP_Shimla,GA_North Goa,KA_Dharwad,KA_Haveri,,,,,,,
289,KA_Yadgir,CT_Bijapur,KA_Raichur,KA_Kalaburagi,TG_Narayanpet,,,,,,,,,,
290,KL_Alappuzha,KL_Ernakulam,KL_Kollam,KL_Kottayam,,,,,,,,,,,
291,KL_Ernakulam,TN_Coimbatore,KL_Thrissur,KL_Alappuzha,KL_Idukki,KL_Kottayam,,,,,,,,,
292,KL_Idukki,TN_Virudhunagar,TN_Coimbatore,KL_Ernakulam,TN_Tiruppur,KL_Kottayam,TN_Dindigul,TN_Theni,TN_Tirunelveli,,,,,,
293,KL_Kannur,KA_Kodagu,KL_Kozhikode,PY_Mahe,KL_Kasaragod,KL_Wayanad,,,,,,,,,
294,KL_Kasaragod,KA_Kodagu,KA_Dakshina Kannada,KL_Kannur,,,,,,,,,,,
295,KL_Kollam,KL_Thiruvananthapuram,KL_Alappuzha,TN_Tirunelveli,,,,,,,,,,,
296,KL_Kottayam,KL_Ernakulam,KL_Alappuzha,KL_Idukki,,,,,,,,,,,
297,KL_Kozhikode,KL_Kannur,KL_Malappuram,KL_Wayanad,PY_Mahe,,,,,,,,,,
298,KL_Malappuram,KL_Kozhikode,KL_Thrissur,KL_Wayanad,MH_Palghar,TN_Nilgiris,,,,,,,,,
299,KL_Thiruvananthapuram,KL_Kollam,TN_Kanyakumari,TN_Tirunelveli,,,,,,,,,,,
300,KL_Thrissur,TN_Coimbatore,KL_Ernakulam,KL_Malappuram,MH_Palghar,,,,,,,,,,
301,KL_Wayanad,KA_Kodagu,KL_Kozhikode,KL_Malappuram,TN_Nilgiris,KA_Chamarajanagara,KL_Kannur,KA_Mysuru,,,,,,,
302,LA_Kargil,LA_Leh,JK_Ganderbal,JK_Anantnag,JK_Bandipora,HP_Lahaul and Spiti,JK_Kishtwar,,,,,,,,
303,LA_Leh,HP_Lahaul and Spiti,LA_Kargil,,,,,,,,,,,,
304,MH_Ahmednagar,BR_Aurangabad,MH_Beed,MH_Nashik,MH_Osmanabad,MH_Pune,MH_Solapur,MH_Thane,,,,,,,
305,MH_Akola,MH_Washim,MH_Amravati,MH_Buldhana,,,,,,,,,,,
306,MH_Amravati,MH_Washim,MH_Akola,MH_Buldhana,MH_Nagpur,MH_Wardha,MH_Yavatmal,MP_Betul,MP_Burhanpur,MP_Chhindwara,MP_Khandwa,,,,
307,MH_Beed,MH_Ahmednagar,MH_Jalna,MH_Osmanabad,MH_Latur,BR_Aurangabad,,,,,,,,,
308,MH_Bhandara,MH_Gondia,MH_Chandrapur,MH_Gadchiroli,MH_Nagpur,MP_Balaghat,,,,,,,,,
309,MH_Buldhana,MH_Washim,MH_Akola,MH_Jalna,MH_Jalgaon,MH_Amravati,MP_Burhanpur,,,,,,,,
310,MH_Chandrapur,MH_Bhandara,MH_Yavatmal,MH_Gadchiroli,TG_Komaram Bheem,MH_Nagpur,MH_Wardha,TG_Adilabad,,,,,,,
311,MH_Dhule,GJ_Dang,GJ_Tapi,MH_Jalgaon,MH_Nandurbar,MH_Nashik,MP_Barwani,,,,,,,,
312,MH_Gadchiroli,MH_Gondia,MH_Bhandara,TG_Mancherial,CT_Rajnandgaon,CT_Bijapur,CT_Narayanpur,CT_Uttar Bastar Kanker,MH_Chandrapur,TG_Jayashankar Bhupalapally,TG_Komaram Bheem,,,,
313,MH_Gondia,CT_Rajnandgaon,MH_Bhandara,MH_Gadchiroli,MP_Balaghat,,,,,,,,,,
314,MH_Hingoli,MH_Washim,MH_Nanded,MH_Yavatmal,,,,,,,,,,,
315,MH_Jalgaon,MH_Dhule,MH_Jalna,BR_Aurangabad,MH_Buldhana,MH_Nashik,MP_Barwani,MP_Burhanpur,MP_Khargone,,,,,,
316,MH_Jalna,BR_Aurangabad,MH_Beed,MH_Buldhana,MH_Jalgaon,,,,,,,,,,
317,MH_Kolhapur,KA_Belagavi,MH_Sangli,MH_Ratnagiri,MH_Sindhudurg,,,,,,,,,,
318,MH_Latur,MH_Nanded,KA_Bidar,MH_Osmanabad,MH_Beed,,,,,,,,,,
319,MH_Mumbai,MH_Mumbai,MH_Thane,,,,,,,,,,,,
320,MH_Nagpur,MP_Seoni,MH_Bhandara,MH_Amravati,MP_Chhindwara,MH_Chandrapur,MH_Wardha,MP_Balaghat,,,,,,,
321,MH_Nanded,TG_Nizamabad,MH_Hingoli,KA_Bidar,MH_Latur,MH_Yavatmal,TG_Adilabad,TG_Kamareddy,TG_Nirmal,,,,,,
322,MH_Nandurbar,MH_Dhule,MP_Alirajpur,GJ_Chhota Udaipur,GJ_Narmada,GJ_Tapi,MP_Barwani,,,,,,,,
323,MH_Nashik,MH_Dhule,MH_Ahmednagar,MH_Thane,MH_Jalgaon,GJ_Navsari,GJ_Dang,BR_Aurangabad,GJ_Valsad,MH_Palghar,,,,,
324,MH_Osmanabad,MH_Ahmednagar,KA_Bidar,KA_Kalaburagi,MH_Beed,MH_Latur,MH_Solapur,,,,,,,,
325,MH_Palghar,TN_Coimbatore,KL_Thrissur,MH_Thane,DN_Dadra and Nagar Haveli,KL_Malappuram,TN_Nilgiris,GJ_Valsad,MH_Nashik,,,,,,
326,MH_Pune,MH_Ahmednagar,MH_Thane,MH_Raigad,MH_Satara,MH_Solapur,,,,,,,,,
327,MH_Raigad,MH_Thane,MH_Pune,MH_Ratnagiri,MH_Satara,,,,,,,,,,
328,MH_Ratnagiri,MH_Sangli,MH_Kolhapur,MH_Raigad,MH_Satara,MH_Sindhudurg,,,,,,,,,
329,MH_Sangli,CT_Bijapur,KA_Belagavi,MH_Kolhapur,MH_Ratnagiri,MH_Satara,MH_Solapur,,,,,,,,
330,MH_Satara,MH_Sangli,MH_Pune,MH_Ratnagiri,MH_Solapur,MH_Raigad,,,,,,,,,
331,MH_Sindhudurg,KA_Belagavi,GA_North Goa,MH_Ratnagiri,MH_Kolhapur,,,,,,,,,,
332,MH_Solapur,CT_Bijapur,MH_Ahmednagar,MH_Sangli,MH_Osmanabad,MH_Pune,KA_Kalaburagi,MH_Satara,,,,,,,
333,MH_Thane,MH_Mumbai,MH_Ahmednagar,MH_Nashik,MH_Palghar,MH_Pune,MH_Raigad,,,,,,,,
334,MH_Wardha,MH_Amravati,MH_Yavatmal,MH_Nagpur,MH_Chandrapur,,,,,,,,,,
335,MH_Washim,MH_Akola,MH_Amravati,MH_Buldhana,MH_Hingoli,MH_Yavatmal,,,,,,,,,
336,MH_Yavatmal,MH_Washim,MH_Hingoli,MH_Nanded,MH_Amravati,MH_Chandrapur,MH_Wardha,TG_Adilabad,,,,,,,
337,ML_East Garo Hills,ML_North Garo Hills,ML_South Garo Hills,ML_West Garo Hills,ML_West Khasi Hills,,,,,,,,,,
338,ML_East Jaintia Hills,AS_Dima Hasao,AS_Cachar,ML_West Jaintia Hills,,,,,,,,,,,
339,ML_East Khasi Hills,ML_Ribhoi,ML_West Jaintia Hills,ML_West Khasi Hills,ML_South West Khasi Hills,,,,,,,,,,
340,ML_North Garo Hills,ML_East Garo Hills,ML_West Garo Hills,AS_Kamrup,AS_Goalpara,AS_South Salmara Mankachar,ML_West Khasi Hills,,,,,,,,
341,ML_Ribhoi,AS_Kamrup,AS_Kamrup Metropolitan,AS_Morigaon,AS_West Karbi Anglong,ML_East Khasi Hills,ML_West Jaintia Hills,ML_West Khasi Hills,,,,,,,
342,ML_South Garo Hills,ML_East Garo Hills,ML_West Garo Hills,ML_West Khasi Hills,ML_South West Khasi Hills,,,,,,,,,,
343,ML_South West Garo Hills,AS_South Salmara Mankachar,ML_West Garo Hills,,,,,,,,,,,,
344,ML_South West Khasi Hills,ML_West Khasi Hills,ML_East Khasi Hills,ML_South Garo Hills,,,,,,,,,,,
345,ML_West Garo Hills,ML_East Garo Hills,ML_South West Garo Hills,AS_Goalpara,AS_South Salmara Mankachar,ML_North Garo Hills,ML_South Garo Hills,,,,,,,,
346,ML_West Jaintia Hills,AS_Dima Hasao,ML_East Jaintia Hills,ML_Ribhoi,AS_West Karbi Anglong,ML_East Khasi Hills,,,,,,,,,
347,ML_West Khasi Hills,ML_Ribhoi,ML_East Garo Hills,AS_Kamrup,ML_North Garo Hills,ML_East Khasi Hills,ML_South Garo Hills,ML_South West Khasi Hills,,,,,,,
348,MN_Bishnupur,MN_Imphal West,MN_Churachandpur,MN_Kakching,MN_Kangpokpi,MN_Noney,,,,,,,,,
349,MN_Chandel,MN_Churachandpur,MN_Kakching,MN_Tengnoupal,,,,,,,,,,,
350,MN_Churachandpur,MN_Bishnupur,MN_Chandel,MN_Noney,MN_Kakching,MN_Pherzawl,,,,,,,,,
351,MN_Imphal East,MN_Imphal West,MN_Kangpokpi,MN_Thoubal,,,,,,,,,,,
352,MN_Imphal West,MN_Bishnupur,MN_Imphal East,MN_Kakching,MN_Kangpokpi,MN_Thoubal,,,,,,,,,
353,MN_Jiribam,AS_Cachar,MN_Noney,MN_Pherzawl,MN_Tamenglong,,,,,,,,,,
354,MN_Kakching,MN_Imphal West,MN_Bishnupur,MN_Chandel,MN_Churachandpur,MN_Thoubal,MN_Tengnoupal,,,,,,,,
355,MN_Kamjong,MN_Kangpokpi,MN_Ukhrul,MN_Tengnoupal,,,,,,,,,,,
356,MN_Kangpokpi,MN_Imphal West,MN_Bishnupur,MN_Noney,MN_Tamenglong,MN_Senapati,MN_Imphal East,MN_Kamjong,MN_Tengnoupal,MN_Thoubal,MN_Ukhrul,,,,
357,MN_Noney,MN_Jiribam,MN_Bishnupur,MN_Churachandpur,MN_Kangpokpi,MN_Pherzawl,MN_Tamenglong,,,,,,,,
358,MN_Pherzawl,MN_Jiribam,MZ_Champhai,MN_Noney,MZ_Aizawl,MN_Churachandpur,AS_Cachar,,,,,,,,
359,MN_Senapati,NL_Peren,MN_Tamenglong,MN_Kangpokpi,MN_Ukhrul,NL_Kohima,NL_Phek,,,,,,,,
360,MN_Tamenglong,AS_Dima Hasao,MN_Jiribam,NL_Peren,MN_Noney,AS_Cachar,MN_Kangpokpi,MN_Senapati,,,,,,,
361,MN_Tengnoupal,MN_Chandel,MN_Kangpokpi,MN_Thoubal,MN_Kakching,MN_Kamjong,,,,,,,,,
362,MN_Thoubal,MN_Imphal West,MN_Kangpokpi,MN_Imphal East,MN_Kakching,MN_Tengnoupal,,,,,,,,,
363,MN_Ukhrul,MN_Senapati,MN_Kangpokpi,MN_Kamjong,NL_Phek,,,,,,,,,,
364,MP_Agar Malwa,MP_Shajapur,MP_Ujjain,RJ_Jhalawar,MP_Rajgarh,MP_Ratlam,,,,,,,,,
365,MP_Alirajpur,MP_Jhabua,GJ_Chhota Udaipur,GJ_Dahod,MH_Nandurbar,MP_Barwani,MP_Dhar,,,,,,,,
366,MP_Anuppur,CT_Mungeli,MP_Shahdol,CT_Koriya,CT_Bilaspur,MP_Dindori,MP_Umaria,,,,,,,,
367,MP_Ashoknagar,MP_Guna,MP_Shivpuri,MP_Sagar,MP_Vidisha,UP_Lalitpur,,,,,,,,,
368,MP_Balaghat,MH_Gondia,MP_Seoni,MH_Bhandara,CT_Rajnandgaon,MH_Nagpur,CT_Kabeerdham,MP_Mandla,,,,,,,
369,MP_Barwani,MH_Dhule,MP_Alirajpur,MH_Nandurbar,MH_Jalgaon,MP_Dhar,MP_Khargone,,,,,,,,
370,MP_Betul,MP_Harda,MH_Amravati,MP_Chhindwara,MP_Hoshangabad,MP_Khandwa,,,,,,,,,
371,MP_Bhind,UP_Jalaun,MP_Morena,UP_Agra,MP_Datia,UP_Etawah,MP_Gwalior,UP_Jhansi,,,,,,,
372,MP_Bhopal,MP_Guna,MP_Vidisha,MP_Raisen,MP_Rajgarh,MP_Sehore,,,,,,,,,
373,MP_Burhanpur,MH_Jalgaon,MH_Amravati,MP_Khargone,MH_Buldhana,MP_Khandwa,,,,,,,,,
374,MP_Chhatarpur,UP_Banda,MP_Panna,MP_Damoh,UP_Jhansi,UP_Mahoba,MP_Tikamgarh,MP_Sagar,UP_Lalitpur,,,,,,
375,MP_Chhindwara,MP_Seoni,MH_Amravati,MP_Betul,MH_Nagpur,MP_Hoshangabad,MP_Narsinghpur,,,,,,,,
376,MP_Damoh,MP_Panna,MP_Chhatarpur,MP_Jabalpur,MP_Katni,MP_Narsinghpur,MP_Sagar,,,,,,,,
377,MP_Datia,MP_Shivpuri,MP_Bhind,MP_Gwalior,UP_Jhansi,UP_Lalitpur,,,,,,,,,
378,MP_Dewas,MP_Shajapur,MP_Harda,MP_Ujjain,MP_Khargone,MP_Indore,MP_Khandwa,MP_Sehore,,,,,,,
379,MP_Dhar,MP_Jhabua,MP_Alirajpur,MP_Barwani,MP_Ujjain,MP_Khargone,MP_Indore,MP_Ratlam,,,,,,,
380,MP_Dindori,CT_Mungeli,MP_Anuppur,MP_Jabalpur,CT_Kabeerdham,MP_Mandla,MP_Umaria,,,,,,,,
381,MP_Guna,MP_Ashoknagar,MP_Bhopal,MP_Rajgarh,MP_Shivpuri,MP_Vidisha,RJ_Baran,RJ_Jhalawar,,,,,,,
382,MP_Gwalior,MP_Shivpuri,MP_Morena,MP_Datia,MP_Bhind,,,,,,,,,,
383,MP_Harda,MP_Betul,MP_Dewas,MP_Hoshangabad,MP_Khandwa,MP_Sehore,,,,,,,,,
384,MP_Hoshangabad,MP_Harda,MP_Betul,MP_Chhindwara,MP_Narsinghpur,MP_Raisen,MP_Sehore,,,,,,,,
385,MP_Indore,MP_Ujjain,MP_Khargone,MP_Dewas,MP_Dhar,,,,,,,,,,
386,MP_Jabalpur,MP_Seoni,MP_Damoh,MP_Narsinghpur,MP_Dindori,MP_Katni,MP_Mandla,MP_Umaria,,,,,,,
387,MP_Jhabua,RJ_Banswara,GJ_Dahod,MP_Alirajpur,MP_Dhar,MP_Ratlam,,,,,,,,,
388,MP_Katni,MP_Satna,MP_Panna,MP_Damoh,MP_Jabalpur,MP_Umaria,,,,,,,,,
389,MP_Khandwa,MP_Harda,MH_Amravati,MP_Betul,MP_Khargone,MP_Dewas,MP_Burhanpur,,,,,,,,
390,MP_Khargone,MH_Jalgaon,MP_Barwani,MP_Burhanpur,MP_Dewas,MP_Dhar,MP_Indore,MP_Khandwa,,,,,,,
391,MP_Mandla,MP_Seoni,MP_Balaghat,MP_Jabalpur,MP_Dindori,CT_Kabeerdham,,,,,,,,,
392,MP_Mandsaur,MP_Neemuch,MP_Ratlam,RJ_Chittorgarh,RJ_Jhalawar,RJ_Kota,RJ_Pratapgarh,,,,,,,,
393,MP_Morena,MP_Shivpuri,MP_Sheopur,RJ_Karauli,MP_Bhind,MP_Gwalior,RJ_Dholpur,UP_Agra,,,,,,,
394,MP_Narsinghpur,MP_Seoni,MP_Chhindwara,MP_Damoh,MP_Hoshangabad,MP_Jabalpur,MP_Raisen,MP_Sagar,,,,,,,
395,MP_Neemuch,MP_Mandsaur,RJ_Bhilwara,RJ_Chittorgarh,RJ_Pratapgarh,,,,,,,,,,
396,MP_Panna,MP_Satna,UP_Banda,MP_Chhatarpur,MP_Damoh,MP_Katni,,,,,,,,,
397,MP_Raisen,MP_Vidisha,MP_Narsinghpur,MP_Bhopal,MP_Hoshangabad,MP_Sagar,MP_Sehore,,,,,,,,
398,MP_Rajgarh,MP_Guna,MP_Shajapur,RJ_Jhalawar,MP_Agar Malwa,MP_Bhopal,MP_Sehore,,,,,,,,
399,MP_Ratlam,RJ_Banswara,MP_Jhabua,MP_Ujjain,MP_Mandsaur,RJ_Jhalawar,MP_Agar Malwa,MP_Dhar,RJ_Pratapgarh,,,,,,
400,MP_Rewa,UP_Chitrakoot,MP_Satna,MP_Sidhi,MP_Singrauli,UP_Mirzapur,UP_Prayagraj,,,,,,,,
401,MP_Sagar,MP_Ashoknagar,MP_Vidisha,MP_Damoh,MP_Narsinghpur,MP_Raisen,MP_Chhatarpur,UP_Lalitpur,,,,,,,
402,MP_Satna,UP_Chitrakoot,MP_Katni,MP_Panna,MP_Rewa,MP_Shahdol,MP_Sidhi,MP_Umaria,UP_Banda,,,,,,
403,MP_Sehore,MP_Shajapur,MP_Harda,MP_Dewas,MP_Raisen,MP_Hoshangabad,MP_Bhopal,MP_Rajgarh,,,,,,,
404,MP_Seoni,MH_Nagpur,MP_Balaghat,MP_Chhindwara,MP_Jabalpur,MP_Mandla,MP_Narsinghpur,,,,,,,,
405,MP_Shahdol,MP_Satna,CT_Koriya,MP_Anuppur,MP_Sidhi,MP_Umaria,,,,,,,,,
406,MP_Shajapur,MP_Agar Malwa,MP_Dewas,MP_Rajgarh,MP_Sehore,MP_Ujjain,,,,,,,,,
407,MP_Sheopur,MP_Shivpuri,MP_Morena,RJ_Baran,RJ_Karauli,RJ_Kota,RJ_Sawai Madhopur,,,,,,,,
408,MP_Shivpuri,MP_Guna,MP_Ashoknagar,MP_Datia,MP_Gwalior,MP_Morena,MP_Sheopur,RJ_Baran,UP_Jhansi,UP_Lalitpur,,,,,
409,MP_Sidhi,MP_Satna,MP_Shahdol,CT_Koriya,MP_Rewa,MP_Singrauli,,,,,,,,,
410,MP_Singrauli,MP_Sidhi,CT_Koriya,MP_Rewa,CT_Surajpur,CT_Balrampur,UP_Mirzapur,UP_Sonbhadra,,,,,,,
411,MP_Tikamgarh,UP_Jhansi,MP_Chhatarpur,UP_Lalitpur,,,,,,,,,,,
412,MP_Ujjain,MP_Shajapur,MP_Agar Malwa,MP_Dewas,MP_Dhar,MP_Indore,MP_Ratlam,,,,,,,,
413,MP_Umaria,MP_Satna,MP_Shahdol,MP_Anuppur,MP_Jabalpur,MP_Dindori,MP_Katni,,,,,,,,
414,MP_Vidisha,MP_Guna,MP_Ashoknagar,MP_Bhopal,MP_Raisen,MP_Sagar,,,,,,,,,
415,MZ_Aizawl,MZ_Lunglei,MZ_Mamit,MZ_Champhai,AS_Cachar,MN_Pherzawl,MZ_Kolasib,MZ_Serchhip,,,,,,,
416,MZ_Champhai,MN_Pherzawl,MZ_Aizawl,MZ_Serchhip,,,,,,,,,,,
417,MZ_Kolasib,MZ_Mamit,MZ_Aizawl,AS_Cachar,AS_Hailakandi,,,,,,,,,,
418,MZ_Lawngtlai,MZ_Saiha,MZ_Lunglei,,,,,,,,,,,,
419,MZ_Lunglei,MZ_Aizawl,MZ_Lawngtlai,MZ_Mamit,MZ_Serchhip,,,,,,,,,,
420,MZ_Mamit,MZ_Lunglei,AS_Hailakandi,AS_Karimganj,MZ_Aizawl,MZ_Kolasib,TR_North Tripura,,,,,,,,
421,MZ_Saiha,MZ_Lawngtlai,,,,,,,,,,,,,
422,MZ_Serchhip,MZ_Lunglei,MZ_Champhai,MZ_Aizawl,,,,,,,,,,,
423,NL_Dimapur,NL_Peren,AS_Golaghat,AS_Karbi Anglong,NL_Kohima,,,,,,,,,,
424,NL_Kiphire,NL_Phek,NL_Tuensang,NL_Zunheboto,,,,,,,,,,,
425,NL_Kohima,NL_Peren,AS_Golaghat,NL_Dimapur,MN_Senapati,NL_Phek,NL_Wokha,NL_Zunheboto,,,,,,,
426,NL_Longleng,AS_Sivasagar,NL_Tuensang,NL_Mokokchung,NL_Mon,,,,,,,,,,
427,NL_Mokokchung,AS_Sivasagar,AS_Jorhat,NL_Tuensang,NL_Longleng,NL_Wokha,NL_Zunheboto,,,,,,,,
428,NL_Mon,AS_Sivasagar,NL_Tuensang,AR_Longding,AS_Charaideo,NL_Longleng,,,,,,,,,
429,NL_Peren,AS_Dima Hasao,AS_Karbi Anglong,MN_Senapati,MN_Tamenglong,NL_Dimapur,NL_Kohima,,,,,,,,
430,NL_Phek,NL_Kiphire,MN_Senapati,MN_Ukhrul,NL_Kohima,NL_Zunheboto,,,,,,,,,
431,NL_Tuensang,NL_Kiphire,NL_Longleng,NL_Mokokchung,NL_Mon,NL_Zunheboto,,,,,,,,,
432,NL_Wokha,AS_Jorhat,AS_Golaghat,NL_Mokokchung,NL_Kohima,NL_Zunheboto,,,,,,,,,
433,NL_Zunheboto,NL_Kiphire,NL_Tuensang,NL_Mokokchung,NL_Phek,NL_Wokha,NL_Kohima,,,,,,,,
434,OR_Angul,OR_Dhenkanal,OR_Boudh,OR_Deogarh,OR_Kendujhar,OR_Sambalpur,OR_Sundargarh,OR_Cuttack,OR_Nayagarh,,,,,,
435,OR_Balangir,OR_Kalahandi,OR_Bargarh,OR_Kandhamal,OR_Boudh,OR_Nuapada,,,,,,,,,
436,OR_Balasore,OR_Bhadrak,OR_Kendujhar,OR_Mayurbhanj,WB_Jhargram,WB_Paschim Medinipur,WB_Purba Medinipur,,,,,,,,
437,OR_Bargarh,CT_Mahasamund,CT_Raigarh,OR_Balangir,OR_Jharsuguda,OR_Nuapada,OR_Sambalpur,,,,,,,,
438,OR_Bhadrak,OR_Balasore,OR_Jajpur,OR_Kendrapara,OR_Kendujhar,,,,,,,,,,
439,OR_Boudh,OR_Kandhamal,OR_Angul,OR_Balangir,OR_Nayagarh,,,,,,,,,,
440,OR_Cuttack,OR_Dhenkanal,OR_Jagatsinghpur,OR_Khordha,OR_Puri,OR_Jajpur,OR_Angul,OR_Kendrapara,OR_Nayagarh,,,,,,
441,OR_Deogarh,OR_Angul,OR_Sambalpur,OR_Sundargarh,,,,,,,,,,,
442,OR_Dhenkanal,OR_Angul,OR_Cuttack,OR_Jajpur,OR_Kendujhar,,,,,,,,,,
443,OR_Gajapati,AP_Srikakulam,OR_Ganjam,OR_Kandhamal,OR_Rayagada,,,,,,,,,,
444,OR_Ganjam,OR_Gajapati,OR_Kandhamal,OR_Khordha,OR_Puri,AP_Srikakulam,OR_Nayagarh,,,,,,,,
445,OR_Jagatsinghpur,OR_Cuttack,OR_Kendrapara,OR_Puri,,,,,,,,,,,
446,OR_Jajpur,OR_Dhenkanal,OR_Bhadrak,OR_Cuttack,OR_Kendrapara,OR_Kendujhar,,,,,,,,,
447,OR_Jharsuguda,OR_Bargarh,OR_Sambalpur,OR_Sundargarh,CT_Raigarh,,,,,,,,,,
448,OR_Kalahandi,CT_Gariaband,OR_Balangir,OR_Kandhamal,OR_Koraput,OR_Nabarangapur,OR_Nuapada,OR_Rayagada,,,,,,,
449,OR_Kandhamal,OR_Kalahandi,OR_Gajapati,OR_Balangir,OR_Boudh,OR_Ganjam,OR_Nayagarh,OR_Rayagada,,,,,,,
450,OR_Kendrapara,OR_Jagatsinghpur,OR_Jajpur,OR_Bhadrak,OR_Cuttack,,,,,,,,,,
451,OR_Kendujhar,OR_Balasore,OR_Dhenkanal,OR_Jajpur,OR_Bhadrak,JH_West Singhbhum,OR_Angul,OR_Mayurbhanj,OR_Sundargarh,,,,,,
452,OR_Khordha,OR_Cuttack,OR_Ganjam,OR_Nayagarh,OR_Puri,,,,,,,,,,
453,OR_Koraput,OR_Kalahandi,OR_Malkangiri,OR_Rayagada,CT_Bastar,AP_Visakhapatnam,AP_Vizianagaram,OR_Nabarangapur,,,,,,,
454,OR_Malkangiri,AP_East Godavari,AP_Visakhapatnam,CT_Bastar,CT_Sukma,OR_Koraput,,,,,,,,,
455,OR_Mayurbhanj,OR_Balasore,WB_Jhargram,JH_West Singhbhum,OR_Kendujhar,JH_East Singhbhum,,,,,,,,,
456,OR_Nabarangapur,OR_Kalahandi,CT_Kondagaon,CT_Gariaband,CT_Dhamtari,CT_Bastar,OR_Koraput,,,,,,,,
457,OR_Nayagarh,OR_Kandhamal,OR_Khordha,OR_Boudh,OR_Angul,OR_Cuttack,OR_Ganjam,,,,,,,,
458,OR_Nuapada,OR_Kalahandi,OR_Bargarh,CT_Mahasamund,CT_Gariaband,OR_Balangir,,,,,,,,,
459,OR_Puri,OR_Jagatsinghpur,OR_Khordha,OR_Cuttack,OR_Ganjam,,,,,,,,,,
460,OR_Rayagada,OR_Kalahandi,OR_Gajapati,OR_Kandhamal,AP_Srikakulam,AP_Vizianagaram,OR_Koraput,,,,,,,,
461,OR_Sambalpur,OR_Bargarh,OR_Deogarh,OR_Angul,OR_Jharsuguda,OR_Sundargarh,,,,,,,,,
462,OR_Sundargarh,JH_Simdega,CT_Jashpur,OR_Deogarh,JH_West Singhbhum,OR_Kendujhar,OR_Sambalpur,CT_Raigarh,OR_Angul,OR_Jharsuguda,,,,,
463,PB_Amritsar,PB_Gurdaspur,PB_Kapurthala,PB_Tarn Taran,,,,,,,,,,,
464,PB_Barnala,PB_Ludhiana,PB_Bathinda,PB_Sangrur,PB_Mansa,PB_Moga,,,,,,,,,
465,PB_Bathinda,HR_Sirsa,PB_Barnala,PB_Faridkot,PB_Mansa,PB_Moga,PB_Sri Muktsar Sahib,,,,,,,,
466,PB_Faridkot,PB_Bathinda,PB_Ferozepur,PB_Moga,PB_Sri Muktsar Sahib,,,,,,,,,,
467,PB_Fatehgarh Sahib,PB_Rupnagar,PB_Ludhiana,PB_Sangrur,PB_Patiala,PB_S.A.S. Nagar,,,,,,,,,
468,PB_Fazilka,RJ_Ganganagar,PB_Ferozepur,PB_Sri Muktsar Sahib,RJ_Hanumangarh,,,,,,,,,,
469,PB_Ferozepur,PB_Kapurthala,PB_Faridkot,PB_Fazilka,PB_Jalandhar,PB_Moga,PB_Sri Muktsar Sahib,PB_Tarn Taran,,,,,,,
470,PB_Gurdaspur,PB_Pathankot,HP_Kangra,PB_Amritsar,PB_Hoshiarpur,PB_Kapurthala,,,,,,,,,
471,PB_Hoshiarpur,PB_Rupnagar,PB_Gurdaspur,PB_Kapurthala,PB_Shahid Bhagat Singh Nagar,PB_Jalandhar,HP_Kangra,HP_Una,,,,,,,
472,PB_Jalandhar,PB_Ludhiana,PB_Kapurthala,PB_Ferozepur,PB_Shahid Bhagat Singh Nagar,PB_Hoshiarpur,PB_Moga,,,,,,,,
473,PB_Kapurthala,PB_Gurdaspur,PB_Amritsar,PB_Ferozepur,PB_Hoshiarpur,PB_Jalandhar,PB_Shahid Bhagat Singh Nagar,PB_Tarn Taran,,,,,,,
474,PB_Ludhiana,PB_Rupnagar,PB_Barnala,PB_Fatehgarh Sahib,PB_Jalandhar,PB_Moga,PB_Sangrur,PB_Shahid Bhagat Singh Nagar,,,,,,,
475,PB_Mansa,PB_Bathinda,PB_Sangrur,PB_Barnala,HR_Fatehabad,HR_Sirsa,,,,,,,,,
476,PB_Moga,PB_Ludhiana,PB_Bathinda,PB_Faridkot,PB_Barnala,PB_Ferozepur,PB_Jalandhar,,,,,,,,
477,PB_Pathankot,HP_Chamba,HP_Kangra,JK_Kathua,PB_Gurdaspur,,,,,,,,,,
478,PB_Patiala,HR_Jind,PB_Sangrur,HR_Kurukshetra,HR_Ambala,HR_Kaithal,PB_Fatehgarh Sahib,PB_S.A.S. Nagar,,,,,,,
479,PB_Rupnagar,CT_Bilaspur,HP_Solan,HP_Una,PB_Fatehgarh Sahib,PB_Hoshiarpur,PB_Ludhiana,PB_S.A.S. Nagar,PB_Shahid Bhagat Singh Nagar,,,,,,
480,PB_S.A.S. Nagar,PB_Rupnagar,HR_Panchkula,HR_Ambala,PB_Patiala,HP_Solan,PB_Fatehgarh Sahib,CH_Chandigarh,,,,,,,
481,PB_Sangrur,HR_Jind,PB_Ludhiana,HR_Fatehabad,PB_Barnala,PB_Fatehgarh Sahib,PB_Mansa,PB_Patiala,,,,,,,
482,PB_Shahid Bhagat Singh Nagar,PB_Rupnagar,PB_Ludhiana,PB_Kapurthala,PB_Hoshiarpur,PB_Jalandhar,,,,,,,,,
483,PB_Sri Muktsar Sahib,PB_Bathinda,PB_Faridkot,PB_Ferozepur,HR_Sirsa,PB_Fazilka,RJ_Hanumangarh,,,,,,,,
484,PB_Tarn Taran,PB_Kapurthala,PB_Ferozepur,PB_Amritsar,,,,,,,,,,,
485,PY_Karaikal,TN_Thiruvarur,TN_Nagapattinam,,,,,,,,,,,,
486,PY_Mahe,KL_Kozhikode,KL_Kannur,,,,,,,,,,,,
487,PY_Puducherry,TN_Cuddalore,TN_Viluppuram,,,,,,,,,,,,
488,RJ_Ajmer,RJ_Pali,RJ_Rajsamand,RJ_Jaipur,RJ_Tonk,RJ_Nagaur,RJ_Bhilwara,,,,,,,,
489,RJ_Alwar,RJ_Dausa,RJ_Jaipur,HR_Rewari,RJ_Bharatpur,HR_Mahendragarh,HR_Nuh,,,,,,,,
490,RJ_Banswara,GJ_Dahod,GJ_Mahisagar,MP_Jhabua,MP_Ratlam,RJ_Dungarpur,RJ_Pratapgarh,,,,,,,,
491,RJ_Baran,MP_Guna,MP_Shivpuri,MP_Sheopur,RJ_Kota,RJ_Jhalawar,,,,,,,,,
492,RJ_Barmer,GJ_Kutch,RJ_Pali,RJ_Jaisalmer,RJ_Jalore,RJ_Jodhpur,,,,,,,,,
493,RJ_Bharatpur,RJ_Dausa,RJ_Karauli,HR_Nuh,RJ_Alwar,RJ_Dholpur,UP_Agra,UP_Mathura,,,,,,,
494,RJ_Bhilwara,MP_Neemuch,RJ_Bundi,RJ_Rajsamand,RJ_Tonk,RJ_Ajmer,RJ_Chittorgarh,,,,,,,,
495,RJ_Bikaner,RJ_Ganganagar,RJ_Nagaur,RJ_Churu,RJ_Hanumangarh,RJ_Jaisalmer,RJ_Jodhpur,,,,,,,,
496,RJ_Bundi,RJ_Bhilwara,RJ_Chittorgarh,RJ_Kota,RJ_Sawai Madhopur,RJ_Tonk,,,,,,,,,
497,RJ_Chittorgarh,MP_Neemuch,RJ_Bundi,RJ_Rajsamand,RJ_Udaipur,MP_Mandsaur,RJ_Kota,RJ_Bhilwara,RJ_Pratapgarh,,,,,,
498,RJ_Churu,HR_Bhiwani,RJ_Nagaur,RJ_Jhunjhunu,RJ_Bikaner,RJ_Hanumangarh,RJ_Sikar,,,,,,,,
499,RJ_Dausa,RJ_Alwar,RJ_Bharatpur,RJ_Jaipur,RJ_Karauli,RJ_Sawai Madhopur,RJ_Tonk,,,,,,,,
500,RJ_Dholpur,RJ_Karauli,RJ_Bharatpur,MP_Morena,UP_Agra,,,,,,,,,,
501,RJ_Dungarpur,RJ_Banswara,RJ_Udaipur,GJ_Aravalli,GJ_Mahisagar,RJ_Pratapgarh,,,,,,,,,
502,RJ_Ganganagar,PB_Fazilka,RJ_Bikaner,RJ_Hanumangarh,,,,,,,,,,,
503,RJ_Hanumangarh,HR_Bhiwani,RJ_Ganganagar,HR_Hisar,PB_Sri Muktsar Sahib,HR_Fatehabad,RJ_Bikaner,RJ_Churu,HR_Sirsa,PB_Fazilka,,,,,
504,RJ_Jaipur,RJ_Dausa,HR_Mahendragarh,RJ_Ajmer,RJ_Alwar,RJ_Nagaur,RJ_Sikar,RJ_Tonk,,,,,,,
505,RJ_Jaisalmer,RJ_Barmer,RJ_Bikaner,RJ_Jodhpur,,,,,,,,,,,
506,RJ_Jalore,GJ_Kutch,RJ_Pali,GJ_Banaskantha,RJ_Barmer,RJ_Sirohi,,,,,,,,,
507,RJ_Jhalawar,MP_Guna,MP_Mandsaur,RJ_Kota,MP_Agar Malwa,MP_Rajgarh,MP_Ratlam,RJ_Baran,,,,,,,
508,RJ_Jhunjhunu,HR_Bhiwani,HR_Mahendragarh,RJ_Churu,RJ_Sikar,,,,,,,,,,
509,RJ_Jodhpur,RJ_Pali,RJ_Barmer,RJ_Nagaur,RJ_Bikaner,RJ_Jaisalmer,,,,,,,,,
510,RJ_Karauli,RJ_Dausa,MP_Sheopur,MP_Morena,RJ_Bharatpur,RJ_Dholpur,RJ_Sawai Madhopur,,,,,,,,
511,RJ_Kota,RJ_Bundi,MP_Sheopur,MP_Mandsaur,RJ_Baran,RJ_Chittorgarh,RJ_Jhalawar,RJ_Sawai Madhopur,,,,,,,
512,RJ_Nagaur,RJ_Pali,RJ_Jaipur,RJ_Ajmer,RJ_Bikaner,RJ_Churu,RJ_Jodhpur,RJ_Sikar,,,,,,,
513,RJ_Pali,RJ_Ajmer,RJ_Barmer,RJ_Jalore,RJ_Jodhpur,RJ_Nagaur,RJ_Rajsamand,RJ_Sirohi,RJ_Udaipur,,,,,,
514,RJ_Pratapgarh,MP_Neemuch,RJ_Banswara,UP_Sultanpur,UP_Fatehpur,UP_Amethi,RJ_Udaipur,UP_Jaunpur,MP_Mandsaur,UP_Rae Bareli,UP_Prayagraj,UP_Kaushambi,RJ_Dungarpur,MP_Ratlam,RJ_Chittorgarh
515,RJ_Rajsamand,RJ_Pali,RJ_Ajmer,RJ_Bhilwara,RJ_Chittorgarh,RJ_Udaipur,,,,,,,,,
516,RJ_Sawai Madhopur,RJ_Bundi,RJ_Dausa,MP_Sheopur,RJ_Karauli,RJ_Tonk,RJ_Kota,,,,,,,,
517,RJ_Sikar,RJ_Jaipur,RJ_Nagaur,RJ_Jhunjhunu,HR_Mahendragarh,RJ_Churu,,,,,,,,,
518,RJ_Sirohi,RJ_Pali,GJ_Banaskantha,GJ_Sabarkantha,RJ_Udaipur,RJ_Jalore,,,,,,,,,
519,RJ_Tonk,RJ_Bundi,RJ_Dausa,RJ_Jaipur,RJ_Ajmer,RJ_Bhilwara,RJ_Sawai Madhopur,,,,,,,,
520,RJ_Udaipur,RJ_Pali,RJ_Rajsamand,GJ_Sabarkantha,GJ_Aravalli,RJ_Chittorgarh,RJ_Dungarpur,RJ_Pratapgarh,RJ_Sirohi,,,,,,
521,SK_East Sikkim,WB_Kalimpong,SK_South Sikkim,SK_North Sikkim,,,,,,,,,,,
522,SK_North Sikkim,SK_South Sikkim,SK_West Sikkim,SK_East Sikkim,,,,,,,,,,,
523,SK_South Sikkim,WB_Kalimpong,SK_East Sikkim,SK_North Sikkim,SK_West Sikkim,WB_Darjeeling,,,,,,,,,
524,SK_West Sikkim,SK_South Sikkim,SK_North Sikkim,WB_Darjeeling,,,,,,,,,,,
525,TG_Adilabad,MH_Nanded,MH_Yavatmal,TG_Komaram Bheem,TG_Nirmal,MH_Chandrapur,,,,,,,,,
526,TG_Bhadradri Kothagudem,AP_East Godavari,AP_West Godavari,TG_Khammam,TG_Mahabubabad,CT_Sukma,TG_Mulugu,CT_Bijapur,,,,,,,
527,TG_Hyderabad,TG_Medchal Malkajgiri,TG_Ranga Reddy,,,,,,,,,,,,
528,TG_Jagtial,TG_Mancherial,TG_Nizamabad,TG_Karimnagar,TG_Nirmal,TG_Peddapalli,TG_Rajanna Sircilla,,,,,,,,
529,TG_Jangaon,TG_Yadadri Bhuvanagiri,TG_Suryapet,TG_Mahabubabad,TG_Siddipet,TG_Warangal Rural,TG_Warangal Urban,,,,,,,,
530,TG_Jayashankar Bhupalapally,TG_Mancherial,TG_Warangal Urban,MH_Gadchiroli,CT_Bijapur,TG_Karimnagar,TG_Mulugu,TG_Peddapalli,TG_Warangal Rural,,,,,,
531,TG_Jogulamba Gadwal,KA_Raichur,AP_Kurnool,TG_Narayanpet,TG_Wanaparthy,,,,,,,,,,
532,TG_Kamareddy,TG_Nizamabad,TG_Siddipet,MH_Nanded,KA_Bidar,TG_Medak,TG_Rajanna Sircilla,TG_Sangareddy,,,,,,,
533,TG_Karimnagar,TG_Siddipet,TG_Jagtial,TG_Rajanna Sircilla,TG_Warangal Urban,TG_Jayashankar Bhupalapally,TG_Peddapalli,,,,,,,,
534,TG_Khammam,AP_West Godavari,AP_Krishna,TG_Bhadradri Kothagudem,TG_Mahabubabad,TG_Suryapet,,,,,,,,,
535,TG_Komaram Bheem,TG_Mancherial,MH_Gadchiroli,MH_Chandrapur,TG_Adilabad,TG_Nirmal,,,,,,,,,
536,TG_Mahabubabad,TG_Khammam,TG_Suryapet,TG_Jangaon,TG_Bhadradri Kothagudem,TG_Mulugu,TG_Warangal Rural,,,,,,,,
537,TG_Mahabubnagar,TG_Wanaparthy,TG_Nagarkurnool,TG_Narayanpet,TG_Ranga Reddy,TG_Vikarabad,,,,,,,,,
538,TG_Mancherial,MH_Gadchiroli,TG_Jagtial,TG_Jayashankar Bhupalapally,TG_Komaram Bheem,TG_Nirmal,TG_Peddapalli,,,,,,,,
539,TG_Medak,TG_Siddipet,TG_Kamareddy,TG_Medchal Malkajgiri,TG_Sangareddy,,,,,,,,,,
540,TG_Medchal Malkajgiri,TG_Yadadri Bhuvanagiri,TG_Siddipet,TG_Hyderabad,TG_Medak,TG_Sangareddy,TG_Ranga Reddy,,,,,,,,
541,TG_Mulugu,TG_Mahabubabad,TG_Jayashankar Bhupalapally,CT_Bijapur,TG_Bhadradri Kothagudem,TG_Warangal Rural,,,,,,,,,
542,TG_Nagarkurnool,TG_Nalgonda,TG_Wanaparthy,AP_Kurnool,AP_Guntur,TG_Mahabubnagar,AP_Prakasam,TG_Ranga Reddy,,,,,,,
543,TG_Nalgonda,TG_Yadadri Bhuvanagiri,TG_Suryapet,AP_Guntur,TG_Nagarkurnool,TG_Ranga Reddy,,,,,,,,,
544,TG_Narayanpet,KA_Raichur,KA_Yadgir,TG_Jogulamba Gadwal,TG_Wanaparthy,KA_Kalaburagi,TG_Mahabubnagar,TG_Vikarabad,,,,,,,
545,TG_Nirmal,TG_Mancherial,TG_Nizamabad,TG_Jagtial,MH_Nanded,TG_Komaram Bheem,TG_Adilabad,,,,,,,,
546,TG_Nizamabad,MH_Nanded,TG_Jagtial,TG_Kamareddy,TG_Nirmal,TG_Rajanna Sircilla,,,,,,,,,
547,TG_Peddapalli,TG_Mancherial,TG_Jagtial,TG_Jayashankar Bhupalapally,TG_Karimnagar,,,,,,,,,,
548,TG_Rajanna Sircilla,TG_Nizamabad,TG_Siddipet,TG_Jagtial,TG_Kamareddy,TG_Karimnagar,,,,,,,,,
549,TG_Ranga Reddy,TG_Yadadri Bhuvanagiri,TG_Nalgonda,TG_Hyderabad,TG_Sangareddy,TG_Mahabubnagar,TG_Medchal Malkajgiri,TG_Nagarkurnool,TG_Vikarabad,,,,,,
550,TG_Sangareddy,KA_Bidar,TG_Kamareddy,TG_Medak,KA_Kalaburagi,TG_Medchal Malkajgiri,TG_Ranga Reddy,TG_Vikarabad,,,,,,,
551,TG_Siddipet,TG_Yadadri Bhuvanagiri,TG_Jangaon,TG_Kamareddy,TG_Karimnagar,TG_Medak,TG_Medchal Malkajgiri,TG_Rajanna Sircilla,TG_Warangal Urban,,,,,,
552,TG_Suryapet,TG_Yadadri Bhuvanagiri,AP_Krishna,TG_Khammam,AP_Guntur,TG_Jangaon,TG_Mahabubabad,TG_Nalgonda,,,,,,,
553,TG_Vikarabad,TG_Sangareddy,KA_Kalaburagi,TG_Mahabubnagar,TG_Narayanpet,TG_Ranga Reddy,,,,,,,,,
554,TG_Wanaparthy,TG_Jogulamba Gadwal,AP_Kurnool,TG_Mahabubnagar,TG_Nagarkurnool,TG_Narayanpet,,,,,,,,,
555,TG_Warangal Rural,TG_Jangaon,TG_Mahabubabad,TG_Warangal Urban,TG_Jayashankar Bhupalapally,TG_Mulugu,,,,,,,,,
556,TG_Warangal Urban,TG_Jangaon,TG_Siddipet,TG_Jayashankar Bhupalapally,TG_Karimnagar,TG_Warangal Rural,,,,,,,,,
557,TG_Yadadri Bhuvanagiri,TG_Jangaon,TG_Medchal Malkajgiri,TG_Nalgonda,TG_Ranga Reddy,TG_Siddipet,TG_Suryapet,,,,,,,,
558,TN_Ariyalur,TN_Cuddalore,TN_Perambalur,TN_Thanjavur,TN_Tiruchirappalli,,,,,,,,,,
559,TN_Chennai,TN_Kancheepuram,TN_Thiruvallur,,,,,,,,,,,,
560,TN_Coimbatore,KL_Ernakulam,KL_Idukki,KL_Thrissur,MH_Palghar,TN_Erode,TN_Nilgiris,TN_Tiruppur,,,,,,,
561,TN_Cuddalore,TN_Ariyalur,PY_Puducherry,TN_Kallakurichi,TN_Nagapattinam,TN_Perambalur,TN_Thanjavur,TN_Viluppuram,,,,,,,
562,TN_Dharmapuri,KA_Chamarajanagara,TN_Erode,TN_Kallakurichi,TN_Krishnagiri,TN_Salem,TN_Tiruvannamalai,,,,,,,,
563,TN_Dindigul,TN_Karur,TN_Tiruppur,KL_Idukki,TN_Theni,TN_Madurai,TN_Tiruchirappalli,,,,,,,,
564,TN_Erode,TN_Dharmapuri,TN_Coimbatore,TN_Karur,TN_Tiruppur,KA_Chamarajanagara,TN_Namakkal,TN_Nilgiris,TN_Salem,,,,,,
565,TN_Kallakurichi,TN_Dharmapuri,TN_Cuddalore,TN_Salem,TN_Tiruvannamalai,TN_Perambalur,TN_Viluppuram,,,,,,,,
566,TN_Kancheepuram,TN_Chennai,TN_Tiruvannamalai,TN_Viluppuram,TN_Thiruvallur,TN_Vellore,,,,,,,,,
567,TN_Kanyakumari,KL_Thiruvananthapuram,TN_Tirunelveli,,,,,,,,,,,,
568,TN_Karur,TN_Dindigul,TN_Erode,TN_Namakkal,TN_Tiruchirappalli,TN_Tiruppur,,,,,,,,,
569,TN_Krishnagiri,TN_Dharmapuri,AP_Chittoor,KA_Bengaluru Rural,KA_Kolar,KA_Ramanagara,KA_Bengaluru Urban,KA_Chamarajanagara,TN_Tiruvannamalai,TN_Vellore,,,,,
570,TN_Madurai,TN_Virudhunagar,TN_Theni,TN_Dindigul,TN_Tiruchirappalli,TN_Sivaganga,,,,,,,,,
571,TN_Nagapattinam,TN_Thiruvarur,TN_Cuddalore,PY_Karaikal,TN_Thanjavur,,,,,,,,,,
572,TN_Namakkal,TN_Karur,TN_Erode,TN_Salem,TN_Tiruchirappalli,,,,,,,,,,
573,TN_Nilgiris,TN_Coimbatore,TN_Erode,KL_Malappuram,KA_Chamarajanagara,KL_Wayanad,MH_Palghar,,,,,,,,
574,TN_Perambalur,TN_Ariyalur,TN_Cuddalore,TN_Salem,TN_Kallakurichi,TN_Tiruchirappalli,,,,,,,,,
575,TN_Pudukkottai,TN_Ramanathapuram,TN_Thanjavur,TN_Sivaganga,TN_Tiruchirappalli,,,,,,,,,,
576,TN_Ramanathapuram,TN_Virudhunagar,TN_Thoothukkudi,TN_Pudukkottai,TN_Sivaganga,,,,,,,,,,
577,TN_Salem,TN_Dharmapuri,TN_Erode,KA_Chamarajanagara,TN_Kallakurichi,TN_Namakkal,TN_Perambalur,TN_Tiruchirappalli,,,,,,,
578,TN_Sivaganga,TN_Virudhunagar,TN_Ramanathapuram,TN_Pudukkottai,TN_Tiruchirappalli,TN_Madurai,,,,,,,,,
579,TN_Thanjavur,TN_Ariyalur,TN_Thiruvarur,TN_Cuddalore,TN_Nagapattinam,TN_Pudukkottai,TN_Tiruchirappalli,,,,,,,,
580,TN_Theni,TN_Virudhunagar,KL_Idukki,TN_Dindigul,TN_Madurai,,,,,,,,,,
581,TN_Thiruvallur,AP_Chittoor,TN_Chennai,AP_S.P.S. Nellore,TN_Kancheepuram,TN_Vellore,,,,,,,,,
582,TN_Thiruvarur,PY_Karaikal,TN_Nagapattinam,TN_Thanjavur,,,,,,,,,,,
583,TN_Thoothukkudi,TN_Virudhunagar,TN_Ramanathapuram,TN_Tirunelveli,,,,,,,,,,,
584,TN_Tiruchirappalli,TN_Ariyalur,TN_Karur,TN_Salem,TN_Thanjavur,TN_Pudukkottai,TN_Namakkal,TN_Dindigul,TN_Perambalur,TN_Madurai,TN_Sivaganga,,,,
585,TN_Tirunelveli,TN_Virudhunagar,KL_Thiruvananthapuram,TN_Kanyakumari,KL_Idukki,TN_Thoothukkudi,KL_Kollam,,,,,,,,
586,TN_Tiruppur,TN_Coimbatore,TN_Karur,KL_Idukki,TN_Dindigul,TN_Erode,,,,,,,,,
587,TN_Tiruvannamalai,TN_Dharmapuri,TN_Kallakurichi,TN_Kancheepuram,TN_Krishnagiri,TN_Vellore,TN_Viluppuram,,,,,,,,
588,TN_Vellore,AP_Chittoor,TN_Tiruvannamalai,TN_Thiruvallur,TN_Kancheepuram,TN_Krishnagiri,,,,,,,,,
589,TN_Viluppuram,PY_Puducherry,TN_Cuddalore,TN_Tiruvannamalai,TN_Kallakurichi,TN_Kancheepuram,,,,,,,,,
590,TN_Virudhunagar,KL_Idukki,TN_Madurai,TN_Ramanathapuram,TN_Sivaganga,TN_Theni,TN_Thoothukkudi,TN_Tirunelveli,,,,,,,
591,TR_Dhalai,TR_North Tripura,TR_Unokoti,TR_Gomati,TR_Khowai,,,,,,,,,,
592,TR_Gomati,TR_Sipahijala,TR_South Tripura,TR_Dhalai,TR_Khowai,,,,,,,,,,
593,TR_Khowai,TR_Sipahijala,TR_Gomati,TR_Dhalai,TR_West Tripura,,,,,,,,,,
594,TR_North Tripura,MZ_Mamit,AS_Karimganj,TR_Dhalai,TR_Unokoti,,,,,,,,,,
595,TR_Sipahijala,TR_Gomati,TR_Khowai,TR_South Tripura,TR_West Tripura,,,,,,,,,,
596,TR_South Tripura,TR_Sipahijala,TR_Gomati,,,,,,,,,,,,
597,TR_Unokoti,TR_North Tripura,TR_Dhalai,,,,,,,,,,,,
598,TR_West Tripura,TR_Sipahijala,TR_Khowai,,,,,,,,,,,,
599,UP_Agra,UP_Etah,RJ_Bharatpur,MP_Morena,MP_Bhind,RJ_Dholpur,UP_Etawah,UP_Firozabad,UP_Hathras,UP_Mathura,,,,,
600,UP_Aligarh,HR_Palwal,UP_Budaun,UP_Bulandshahr,UP_Gautam Buddha Nagar,UP_Hathras,UP_Kasganj,UP_Mathura,UP_Sambhal,,,,,,
601,UP_Ambedkar Nagar,UP_Gorakhpur,UP_Sultanpur,UP_Azamgarh,UP_Basti,UP_Sant Kabir Nagar,,,,,,,,,
602,UP_Amethi,UP_Sultanpur,RJ_Pratapgarh,UP_Barabanki,UP_Rae Bareli,,,,,,,,,,
603,UP_Amroha,UP_Bijnor,UP_Meerut,UP_Bulandshahr,UP_Hapur,UP_Moradabad,UP_Sambhal,,,,,,,,
604,UP_Auraiya,UP_Jalaun,UP_Etawah,UP_Kannauj,UP_Kanpur Dehat,,,,,,,,,,
605,UP_Azamgarh,UP_Gorakhpur,UP_Sultanpur,UP_Ambedkar Nagar,UP_Jaunpur,UP_Ghazipur,UP_Mau,,,,,,,,
606,UP_Baghpat,UP_Meerut,DL_North Delhi,UP_Ghaziabad,UP_Shamli,UP_Muzaffarnagar,HR_Sonipat,HR_Panipat,,,,,,,
607,UP_Bahraich,UP_Shrawasti,UP_Gonda,UP_Barabanki,UP_Sitapur,,,,,,,,,,
608,UP_Ballia,UP_Deoria,BR_Siwan,BR_Buxar,BR_Bhojpur,BR_Saran,UP_Ghazipur,UP_Mau,,,,,,,
609,UP_Banda,UP_Chitrakoot,MP_Satna,HP_Hamirpur,MP_Chhatarpur,MP_Panna,UP_Fatehpur,UP_Mahoba,,,,,,,
610,UP_Barabanki,UP_Gonda,UP_Bahraich,UP_Amethi,UP_Sitapur,UP_Lucknow,UP_Rae Bareli,,,,,,,,
611,UP_Bareilly,UP_Pilibhit,UP_Shahjahanpur,UP_Budaun,UP_Rampur,UT_Udham Singh Nagar,,,,,,,,,
612,UP_Basti,UP_Gonda,UP_Siddharthnagar,UP_Ambedkar Nagar,UP_Sant Kabir Nagar,,,,,,,,,,
613,UP_Bhadohi,UP_Jaunpur,UP_Prayagraj,UP_Varanasi,UP_Mirzapur,,,,,,,,,,
614,UP_Bijnor,UP_Amroha,UP_Meerut,UP_Moradabad,UP_Muzaffarnagar,UT_Haridwar,UT_Nainital,UT_Pauri Garhwal,UT_Udham Singh Nagar,,,,,,
615,UP_Budaun,UP_Aligarh,UP_Shahjahanpur,UP_Bareilly,UP_Farrukhabad,UP_Kasganj,UP_Moradabad,UP_Rampur,UP_Sambhal,,,,,,
616,UP_Bulandshahr,UP_Aligarh,UP_Amroha,UP_Gautam Buddha Nagar,UP_Sambhal,UP_Hapur,,,,,,,,,
617,UP_Chandauli,BR_Kaimur,UP_Varanasi,UP_Mirzapur,UP_Sonbhadra,UP_Ghazipur,,,,,,,,,
618,UP_Chitrakoot,MP_Rewa,MP_Satna,UP_Banda,UP_Fatehpur,UP_Kaushambi,UP_Prayagraj,,,,,,,,
619,UP_Deoria,UP_Gorakhpur,BR_Gopalganj,BR_Siwan,UP_Ballia,UP_Kushinagar,UP_Mau,,,,,,,,
620,UP_Etah,UP_Agra,UP_Farrukhabad,UP_Firozabad,UP_Hathras,UP_Kasganj,UP_Mainpuri,,,,,,,,
621,UP_Etawah,UP_Jalaun,UP_Auraiya,UP_Agra,MP_Bhind,UP_Firozabad,UP_Kannauj,UP_Mainpuri,,,,,,,
622,UP_Farrukhabad,UP_Shahjahanpur,UP_Budaun,UP_Etah,UP_Hardoi,UP_Kannauj,UP_Kasganj,UP_Mainpuri,,,,,,,
623,UP_Fatehpur,UP_Chitrakoot,UP_Banda,UP_Kanpur Nagar,HP_Hamirpur,RJ_Pratapgarh,UP_Kaushambi,UP_Rae Bareli,UP_Unnao,,,,,,
624,UP_Firozabad,UP_Etah,UP_Agra,UP_Etawah,UP_Mainpuri,,,,,,,,,,
625,UP_Gautam Buddha Nagar,UP_Aligarh,HR_Faridabad,UP_Ghaziabad,HR_Palwal,DL_East Delhi,DL_South East Delhi,UP_Bulandshahr,UP_Hapur,,,,,,
626,UP_Ghaziabad,UP_Meerut,DL_North Delhi,DL_East Delhi,DL_North East Delhi,DL_Shahdara,UP_Baghpat,UP_Gautam Buddha Nagar,UP_Hapur,,,,,,
627,UP_Ghazipur,BR_Kaimur,UP_Jaunpur,BR_Buxar,UP_Varanasi,UP_Azamgarh,UP_Ballia,UP_Mau,UP_Chandauli,,,,,,
628,UP_Gonda,UP_Shrawasti,CT_Balrampur,UP_Bahraich,UP_Barabanki,UP_Basti,UP_Siddharthnagar,,,,,,,,
629,UP_Gorakhpur,UP_Ambedkar Nagar,UP_Azamgarh,UP_Deoria,UP_Kushinagar,UP_Maharajganj,UP_Mau,UP_Sant Kabir Nagar,UP_Siddharthnagar,,,,,,
630,UP_Hapur,UP_Meerut,UP_Ghaziabad,UP_Amroha,UP_Gautam Buddha Nagar,UP_Bulandshahr,,,,,,,,,
631,UP_Hardoi,UP_Kanpur Nagar,UP_Shahjahanpur,UP_Farrukhabad,UP_Kannauj,UP_Lucknow,UP_Sitapur,UP_Unnao,,,,,,,
632,UP_Hathras,UP_Aligarh,UP_Etah,UP_Agra,UP_Mathura,UP_Kasganj,,,,,,,,,
633,UP_Jalaun,HP_Hamirpur,MP_Bhind,UP_Auraiya,UP_Etawah,UP_Jhansi,UP_Kanpur Dehat,,,,,,,,
634,UP_Jaunpur,UP_Sultanpur,RJ_Pratapgarh,UP_Azamgarh,UP_Bhadohi,UP_Ghazipur,UP_Prayagraj,UP_Varanasi,,,,,,,
635,UP_Jhansi,MP_Shivpuri,UP_Jalaun,MP_Datia,HP_Hamirpur,MP_Bhind,MP_Chhatarpur,MP_Tikamgarh,UP_Lalitpur,UP_Mahoba,,,,,
636,UP_Kannauj,UP_Auraiya,UP_Kanpur Nagar,UP_Hardoi,UP_Kanpur Dehat,UP_Etawah,UP_Farrukhabad,UP_Mainpuri,,,,,,,
637,UP_Kanpur Dehat,UP_Jalaun,UP_Auraiya,UP_Kanpur Nagar,HP_Hamirpur,UP_Kannauj,,,,,,,,,
638,UP_Kanpur Nagar,HP_Hamirpur,UP_Fatehpur,UP_Hardoi,UP_Kannauj,UP_Kanpur Dehat,UP_Unnao,,,,,,,,
639,UP_Kasganj,UP_Aligarh,UP_Budaun,UP_Etah,UP_Hathras,UP_Farrukhabad,,,,,,,,,
640,UP_Kaushambi,UP_Chitrakoot,UP_Fatehpur,UP_Rae Bareli,UP_Prayagraj,RJ_Pratapgarh,,,,,,,,,
641,UP_Kushinagar,UP_Gorakhpur,UP_Deoria,BR_Gopalganj,BR_West Champaran,UP_Maharajganj,,,,,,,,,
642,UP_Lalitpur,MP_Shivpuri,MP_Ashoknagar,MP_Datia,UP_Jhansi,MP_Tikamgarh,MP_Sagar,MP_Chhatarpur,,,,,,,
643,UP_Lucknow,UP_Hardoi,UP_Sitapur,UP_Barabanki,UP_Rae Bareli,UP_Unnao,,,,,,,,,
644,UP_Maharajganj,UP_Gorakhpur,UP_Siddharthnagar,UP_Kushinagar,BR_West Champaran,,,,,,,,,,
645,UP_Mahoba,UP_Banda,UP_Jhansi,HP_Hamirpur,MP_Chhatarpur,,,,,,,,,,
646,UP_Mainpuri,UP_Etah,UP_Etawah,UP_Farrukhabad,UP_Firozabad,UP_Kannauj,,,,,,,,,
647,UP_Mathura,UP_Aligarh,RJ_Bharatpur,UP_Agra,HR_Palwal,HR_Nuh,UP_Hathras,,,,,,,,
648,UP_Mau,UP_Gorakhpur,UP_Deoria,UP_Azamgarh,UP_Ballia,UP_Ghazipur,,,,,,,,,
649,UP_Meerut,UP_Bijnor,UP_Amroha,UP_Baghpat,UP_Ghaziabad,UP_Hapur,UP_Muzaffarnagar,,,,,,,,
650,UP_Mirzapur,MP_Rewa,UP_Prayagraj,UP_Varanasi,MP_Singrauli,UP_Bhadohi,UP_Chandauli,UP_Sonbhadra,,,,,,,
651,UP_Moradabad,UP_Bijnor,UP_Budaun,UP_Amroha,UP_Sambhal,UP_Rampur,UT_Udham Singh Nagar,,,,,,,,
652,UP_Muzaffarnagar,UP_Bijnor,UP_Meerut,UP_Shamli,UP_Saharanpur,UP_Baghpat,UT_Haridwar,,,,,,,,
653,UP_Pilibhit,UP_Bareilly,UP_Shahjahanpur,UT_Udham Singh Nagar,,,,,,,,,,,
654,UP_Prayagraj,UP_Chitrakoot,UP_Jaunpur,MP_Rewa,RJ_Pratapgarh,UP_Bhadohi,UP_Kaushambi,UP_Mirzapur,,,,,,,
655,UP_Rae Bareli,UP_Fatehpur,UP_Amethi,UP_Lucknow,RJ_Pratapgarh,UP_Barabanki,UP_Kaushambi,UP_Unnao,,,,,,,
656,UP_Rampur,UP_Budaun,UP_Bareilly,UP_Moradabad,UT_Udham Singh Nagar,,,,,,,,,,
657,UP_Saharanpur,HP_Sirmaur,UP_Shamli,HR_Yamunanagar,HR_Karnal,UP_Muzaffarnagar,UT_Dehradun,UT_Haridwar,,,,,,,
658,UP_Sambhal,UP_Aligarh,UP_Budaun,UP_Amroha,UP_Bulandshahr,UP_Moradabad,,,,,,,,,
659,UP_Sant Kabir Nagar,UP_Gorakhpur,UP_Siddharthnagar,UP_Ambedkar Nagar,UP_Basti,,,,,,,,,,
660,UP_Shahjahanpur,UP_Pilibhit,UP_Bareilly,UP_Budaun,UP_Farrukhabad,UP_Hardoi,,,,,,,,,
661,UP_Shamli,HR_Karnal,HR_Panipat,UP_Baghpat,UP_Muzaffarnagar,UP_Saharanpur,,,,,,,,,
662,UP_Shrawasti,CT_Balrampur,UP_Bahraich,UP_Gonda,,,,,,,,,,,
663,UP_Siddharthnagar,UP_Gonda,UP_Gorakhpur,CT_Balrampur,UP_Basti,UP_Maharajganj,UP_Sant Kabir Nagar,,,,,,,,
664,UP_Sitapur,UP_Bahraich,UP_Hardoi,UP_Barabanki,UP_Lucknow,,,,,,,,,,
665,UP_Sonbhadra,JH_Garhwa,BR_Rohtas,BR_Kaimur,MP_Singrauli,UP_Mirzapur,CT_Balrampur,UP_Chandauli,,,,,,,
666,UP_Sultanpur,RJ_Pratapgarh,UP_Ambedkar Nagar,UP_Amethi,UP_Azamgarh,UP_Jaunpur,,,,,,,,,
667,UP_Unnao,UP_Kanpur Nagar,UP_Fatehpur,UP_Hardoi,UP_Lucknow,UP_Rae Bareli,,,,,,,,,
668,UP_Varanasi,UP_Jaunpur,UP_Bhadohi,UP_Chandauli,UP_Ghazipur,UP_Mirzapur,,,,,,,,,
669,UT_Almora,UT_Chamoli,UT_Nainital,UT_Bageshwar,UT_Pauri Garhwal,UT_Pithoragarh,UT_Champawat,,,,,,,,
670,UT_Bageshwar,UT_Chamoli,UT_Almora,UT_Pithoragarh,,,,,,,,,,,
671,UT_Chamoli,UT_Almora,UT_Bageshwar,UT_Pauri Garhwal,UT_Pithoragarh,UT_Rudraprayag,UT_Uttarkashi,,,,,,,,
672,UT_Champawat,UT_Nainital,UT_Pithoragarh,UT_Almora,UT_Udham Singh Nagar,,,,,,,,,,
673,UT_Dehradun,HP_Sirmaur,HP_Shimla,UP_Saharanpur,UT_Pauri Garhwal,UT_Haridwar,UT_Tehri Garhwal,UT_Uttarkashi,,,,,,,
674,UT_Haridwar,UP_Bijnor,UP_Saharanpur,UP_Muzaffarnagar,UT_Pauri Garhwal,UT_Dehradun,,,,,,,,,
675,UT_Nainital,UP_Bijnor,UT_Almora,UT_Champawat,UT_Pauri Garhwal,UT_Udham Singh Nagar,,,,,,,,,
676,UT_Pauri Garhwal,UP_Bijnor,UT_Chamoli,UT_Nainital,UT_Almora,UT_Dehradun,UT_Haridwar,UT_Rudraprayag,UT_Tehri Garhwal,,,,,,
677,UT_Pithoragarh,UT_Chamoli,UT_Bageshwar,UT_Almora,UT_Champawat,,,,,,,,,,
678,UT_Rudraprayag,UT_Chamoli,UT_Pauri Garhwal,UT_Uttarkashi,UT_Tehri Garhwal,,,,,,,,,,
679,UT_Tehri Garhwal,UT_Pauri Garhwal,UT_Dehradun,UT_Uttarkashi,UT_Rudraprayag,,,,,,,,,,
680,UT_Udham Singh Nagar,UP_Bijnor,UP_Pilibhit,UT_Nainital,UP_Bareilly,UP_Moradabad,UP_Rampur,UT_Champawat,,,,,,,
681,UT_Uttarkashi,UT_Chamoli,HP_Shimla,UT_Dehradun,HP_Kinnaur,UT_Rudraprayag,UT_Tehri Garhwal,,,,,,,,
682,WB_Alipurduar,WB_Jalpaiguri,AS_Kokrajhar,,,,,,,,,,,,
683,WB_Bankura,WB_Hooghly,WB_Purba Bardhaman,WB_Paschim Medinipur,WB_Purulia,WB_Jhargram,WB_Paschim Bardhaman,,,,,,,,
684,WB_Birbhum,JH_Dumka,JH_Jamtara,JH_Pakur,WB_Murshidabad,WB_Paschim Bardhaman,WB_Purba Bardhaman,,,,,,,,
685,WB_Dakshin Dinajpur,WB_Malda,WB_Uttar Dinajpur,,,,,,,,,,,,
686,WB_Darjeeling,WB_Kalimpong,SK_South Sikkim,BR_Kishanganj,WB_Jalpaiguri,SK_West Sikkim,WB_Uttar Dinajpur,,,,,,,,
687,WB_Hooghly,WB_Bankura,WB_Howrah,WB_Nadia,WB_North 24 Parganas,WB_Paschim Medinipur,WB_Purba Bardhaman,,,,,,,,
688,WB_Howrah,WB_Hooghly,WB_Purba Medinipur,WB_Kolkata,WB_Paschim Medinipur,WB_South 24 Parganas,WB_North 24 Parganas,,,,,,,,
689,WB_Jalpaiguri,WB_Kalimpong,WB_Alipurduar,WB_Darjeeling,,,,,,,,,,,
690,WB_Jhargram,OR_Balasore,WB_Paschim Medinipur,WB_Purulia,JH_East Singhbhum,OR_Mayurbhanj,WB_Bankura,,,,,,,,
691,WB_Kalimpong,SK_East Sikkim,SK_South Sikkim,WB_Darjeeling,WB_Jalpaiguri,,,,,,,,,,
692,WB_Kolkata,WB_Howrah,WB_North 24 Parganas,WB_South 24 Parganas,,,,,,,,,,,
693,WB_Malda,BR_Katihar,WB_Murshidabad,JH_Sahibganj,WB_Dakshin Dinajpur,WB_Uttar Dinajpur,,,,,,,,,
694,WB_Murshidabad,WB_Birbhum,WB_Purba Bardhaman,JH_Pakur,JH_Sahibganj,WB_Malda,WB_Nadia,,,,,,,,
695,WB_Nadia,WB_Hooghly,WB_Purba Bardhaman,WB_Murshidabad,WB_North 24 Parganas,,,,,,,,,,
696,WB_North 24 Parganas,WB_Hooghly,WB_Kolkata,WB_South 24 Parganas,WB_Howrah,WB_Nadia,,,,,,,,,
697,WB_Paschim Bardhaman,WB_Birbhum,WB_Purba Bardhaman,WB_Purulia,JH_Jamtara,JH_Dhanbad,WB_Bankura,,,,,,,,
698,WB_Paschim Medinipur,OR_Balasore,WB_Hooghly,WB_Purba Medinipur,WB_Bankura,WB_Howrah,WB_Jhargram,,,,,,,,
699,WB_Purba Bardhaman,WB_Hooghly,WB_Birbhum,WB_Bankura,WB_Murshidabad,WB_Nadia,WB_Paschim Bardhaman,,,,,,,,
700,WB_Purba Medinipur,OR_Balasore,WB_Howrah,WB_Paschim Medinipur,WB_South 24 Parganas,,,,,,,,,,
701,WB_Purulia,JH_Ranchi,JH_Bokaro,JH_Dhanbad,JH_East Singhbhum,JH_Ramgarh,WB_Bankura,WB_Jhargram,WB_Paschim Bardhaman,,,,,,
702,WB_South 24 Parganas,WB_Purba Medinipur,WB_Kolkata,WB_Howrah,WB_North 24 Parganas,,,,,,,,,,
703,WB_Uttar Dinajpur,BR_Katihar,BR_Kishanganj,WB_Malda,WB_Dakshin Dinajpur,BR_Purnia,WB_Darjeeling,,,,,,,,
